-- Migration generated automatically

-- Clear existing data
DELETE FROM app_tag WHERE is_default = TRUE AND created_at = updated_at;
DELETE FROM app WHERE is_default = TRUE AND created_at = updated_at;
DELETE FROM tag WHERE is_default = TRUE AND created_at = updated_at;

-- Insert default tags
INSERT INTO tag (id, name, tag_type, is_default) VALUES ('5e59476d-16c6-4a59-94ff-94c0de67ed88', 'idle', 'default', TRUE);
INSERT INTO tag (id, name, tag_type, is_default) VALUES
('80b3e0a5-0477-4f35-b250-2ee1b0de75d3', 'consuming', 'default', TRUE),
('5ba10e13-d342-4262-a391-9b9aa95332cd', 'creating', 'default', TRUE),
('fa9da06f-266d-49bf-86b4-ea31f006c24c', 'neutral', 'default', TRUE);

-- Insert category tags
INSERT INTO tag (id, name, tag_type, is_default) VALUES
('8c4d3cbb-479d-46af-8438-0f909c911b6d', 'communication', 'category', TRUE),
('573b67be-ffef-496d-b1f2-d1993adf9f13', 'entertainment', 'category', TRUE),
('38bc3029-a379-4ec3-b0a8-d8d0a8bd5fcd', 'shopping', 'category', TRUE),
('610a9cc1-9e19-4941-9e58-fc66d6162578', 'gaming', 'category', TRUE),
('b9fe66ee-a2b7-48af-88d3-5157422a7f2a', 'social media', 'category', TRUE),
('206394f1-df43-4931-bb67-25e03b48885a', 'news', 'category', TRUE),
('6ff4dd7e-0d67-4bb5-9336-0c0f53cabf5c', 'designing', 'category', TRUE),
('40228b33-dbbf-4d92-8dd6-567ca22ba61d', 'travel', 'category', TRUE),
('44c5807e-04d9-4702-86b6-0d1f0287df03', 'coding', 'category', TRUE),
('fea05e9c-04ae-498e-959c-43d3036b18da', 'learning', 'category', TRUE),
('563d3b3a-f61a-4f64-8542-e950aa3efadf', 'data/analytics', 'category', TRUE),
('d2c5e874-09e6-4196-b268-c732d7dda1d2', 'ai', 'category', TRUE),
('e4e1b3d8-4b3a-4f75-aa8d-e329e56240c2', 'music/sound', 'category', TRUE),
('3d2d6c8a-1e51-4ede-9ae9-d5a249efe2c7', 'photo/video', 'category', TRUE),
('5a06f537-0c65-44b5-b3e8-d8c47482c00c', 'browser', 'category', TRUE),
('c7b5d442-2914-44ca-9d9e-aeceaae6b2fe', 'writing', 'category', TRUE),
('31e89317-73da-482b-880c-5bfc5caf8c17', 'utilities', 'category', TRUE);

-- Insert apps
INSERT INTO app (id, name, app_id, platform, is_browser, is_default) VALUES
('546d594c-7bf0-4c4b-bb1f-a4a2d9a43ed1', '', 'zoom.us', 'MAC', 1, TRUE),
('6b25dd14-8cc0-4871-9c0b-cd69ccbc9474', '', 'zee5.com', 'MAC', 1, TRUE),
('e4d3a9b8-7622-438c-9d4e-b0bf4c9dbad2', '', 'zara.com', 'MAC', 1, TRUE),
('ea3fdd17-ac86-4e3c-a17e-48eb9c3866a2', '', 'zalando.com', 'MAC', 1, TRUE),
('d1146af7-237c-4c76-8f3f-448e49b92257', '', 'youtube.com', 'MAC', 1, TRUE),
('54788b7e-7c4a-49b9-aa32-f2e3b9b3e03d', '', 'youku.com', 'MAC', 1, TRUE),
('fe05f668-2957-4377-9632-e9ef3401c75b', '', 'xbox.com', 'MAC', 1, TRUE),
('768ab78f-1c0e-468b-a4b1-19417fcf9d34', '', 'x.com', 'MAC', 1, TRUE),
('a6f2aec8-c9cf-429a-8680-470b600cc4c4', '', 'wsj.com', 'MAC', 1, TRUE),
('97067f01-1552-4067-8048-751a10b1e115', '', 'wordpress.com', 'MAC', 1, TRUE),
('b94dbac4-961b-4e0c-91ec-38306f115964', '', 'wix.com', 'MAC', 1, TRUE),
('3bda837d-35a3-4cb1-bde4-cacc07108429', '', 'wish.com', 'MAC', 1, TRUE),
('78470b37-373b-44ab-a506-7e9c26551d78', '', 'wire.com', 'MAC', 1, TRUE),
('e3f9369d-b9da-42fe-837b-3fc8ac874d4c', '', 'wetv.vip', 'MAC', 1, TRUE),
('52b7cf50-f9ff-4a81-adf8-379c55006ca3', '', 'wechat.com', 'MAC', 1, TRUE),
('90378b7a-0f5b-4c34-a3f2-025c5e78d14f', '', 'webflow.com', 'MAC', 1, TRUE),
('1cf1ac11-678d-42e6-9911-cf6ada2b2f96', '', 'web.whatsapp.com', 'MAC', 1, TRUE),
('f3bc1a15-358f-4e80-bb42-b46dce7cc057', '', 'web.telegram.org', 'MAC', 1, TRUE),
('285d81a2-c828-40ec-b8dd-9032a7f6fdbd', '', 'wayfair.com', 'MAC', 1, TRUE),
('8c60cc1b-b3ec-4c74-9a6f-a0c499a3624c', '', 'washingtonpost.com', 'MAC', 1, TRUE),
('c05d570f-3c9d-4636-8a7f-00550895fc5b', '', 'walmart.com', 'MAC', 1, TRUE),
('6e9fc038-cb50-495a-b5bb-0bb369d9ebee', '', 'vrbo.com', 'MAC', 1, TRUE),
('6321641b-308e-46f6-a95a-8a46e9861bda', '', 'vimeo.com', 'MAC', 1, TRUE),
('cefd34d2-0487-45fe-b209-722573b11503', '', 'viber.com', 'MAC', 1, TRUE),
('d2d1b72f-7eff-419a-8be6-92cc17a1f483', '', 'viator.com', 'MAC', 1, TRUE),
('114dcb0e-ec6e-4bce-a807-7621c871c795', '', 'viaplay.com', 'MAC', 1, TRUE),
('6b089485-f27f-4812-9b5d-f79821add1a1', '', 'very.co.uk', 'MAC', 1, TRUE),
('fe8c8b2a-c1a1-4a8c-a34a-eeb45fa29869', '', 'vercel.com', 'MAC', 1, TRUE),
('e71e018a-4ac5-4f02-82d0-15597bcfaab6', '', 'v0.dev', 'MAC', 1, TRUE),
('b34c4f0d-c86a-435f-8c65-3f4f5fc23bbd', '', 'v.qq.com', 'MAC', 1, TRUE),
('78a0ad45-6060-4415-ac46-9d6c1ea24f4b', '', 'usatoday.com', 'MAC', 1, TRUE),
('587d657a-5bf1-4d2c-a8d5-559ea5c3ce0f', '', 'us.boohoo.com', 'MAC', 1, TRUE),
('19fc61b5-0d3f-423e-a69b-56b2c6ee6222', '', 'uniqlo.com', 'MAC', 1, TRUE),
('0c82baa9-c4e6-436a-9ee9-af7f40953dcf', '', 'udemy.com', 'MAC', 1, TRUE),
('dba66dfe-077d-4888-9288-0c2aeff9fdfa', '', 'ubisoft.com', 'MAC', 1, TRUE),
('2c3c885a-36cf-49ee-b371-5135981df088', '', 'twitter.com', 'MAC', 1, TRUE),
('15111b39-ca2c-4577-a6f4-d78134ead176', '', 'twitch.tv', 'MAC', 1, TRUE),
('dd571c47-aebc-4755-be18-0bc0abf41f40', '', 'tv.apple.com', 'MAC', 1, TRUE),
('3d4b4f51-58f5-4b59-a272-d4ea32a76185', '', 'tumblr.com', 'MAC', 1, TRUE),
('1f9bab00-5a50-4c7a-a8d7-f92dec32fb54', '', 'tripadvisor.com', 'MAC', 1, TRUE),
('baa73e6d-3335-4233-aea3-6593fe715bd9', '', 'travelocity.com', 'MAC', 1, TRUE),
('f3845c06-ed33-4ac0-85d6-3b7e7c12b6da', '', 'trainline.com', 'MAC', 1, TRUE),
('f4f0db27-4278-4a81-bc40-b4d60df55907', '', 'tiktok.com', 'MAC', 1, TRUE),
('7dd92437-9b36-441a-b192-36f25dd306ab', '', 'threema.ch', 'MAC', 1, TRUE),
('08f14460-fe23-4cf5-a5c3-40a7702650f6', '', 'threads.net', 'MAC', 1, TRUE),
('2372ad5b-493f-492f-b01a-aeea99a6793b', '', 'thetrainline.com', 'MAC', 1, TRUE),
('c05d5fd7-ca5d-48c3-a275-5245935f6a1d', '', 'thesun.co.uk', 'MAC', 1, TRUE),
('a8a7ee1e-2cd9-40ff-a0e0-6cd6a6ddde69', '', 'thelocal.eu', 'MAC', 1, TRUE),
('dd3e0a29-9900-4a6f-afce-16000926c2aa', '', 'thehindu.com', 'MAC', 1, TRUE),
('f9f3f9c2-97f9-47f5-a061-3b6cf33ae9aa', '', 'theguardian.com', 'MAC', 1, TRUE),
('ea2f38cc-a96a-48d3-91e0-da0d906a7b49', '', 'tesco.com', 'MAC', 1, TRUE),
('696ec4aa-24ac-457b-b305-39458456def1', '', 'temu.com', 'MAC', 1, TRUE),
('d60863cc-5526-4337-bfbf-154dbf3094d7', '', 'telegraph.co.uk', 'MAC', 1, TRUE),
('e4c00ae2-24a2-462d-bad0-4bdb8b6c4c99', '', 'teams.microsoft.com', 'MAC', 1, TRUE),
('a81fd6de-7403-463a-a782-e809fb9af19b', '', 'target.com', 'MAC', 1, TRUE),
('b1993f4c-0778-4830-b2c9-7b30cbb55189', '', 'taobao.com', 'MAC', 1, TRUE),
('0c916c10-c169-4ad3-ae7f-f4397cd48f1f', '', 'tableau.com', 'MAC', 1, TRUE),
('bd22c77f-81aa-434f-81b3-42f5624cbfb9', '', 't3.chat', 'MAC', 1, TRUE),
('b6c8d519-93fb-4f94-a338-b359a52395d7', '', 'supabase.com', 'MAC', 1, TRUE),
('9f8d2393-4a90-44da-b160-fa47d875fe45', '', 'straitstimes.com', 'MAC', 1, TRUE),
('47dd5b51-96b9-4e3b-ad66-dc1baa22444f', '', 'steampowered.com', 'MAC', 1, TRUE),
('d26aa8f1-a88c-4902-a8d4-91f54a9ffffa', '', 'starz.com', 'MAC', 1, TRUE),
('394fbdc0-7f58-4a4d-b40e-11d918c5dff6', '', 'standard.co.uk', 'MAC', 1, TRUE),
('60156c69-9924-4583-862a-0ce932389065', '', 'stackoverflow.com', 'MAC', 1, TRUE),
('b968bdee-796b-4ed0-ac40-c2746364b328', '', 'squarespace.com', 'MAC', 1, TRUE),
('59589855-d352-4457-a7d9-6b4ed6b0c411', '', 'spotify.com', 'MAC', 1, TRUE),
('36664286-0e16-4380-895a-9d287e461ee2', '', 'sonyliv.com', 'MAC', 1, TRUE),
('35dbb93e-92ec-4e29-9c42-e39fa640fd9f', '', 'slides.google.com', 'MAC', 1, TRUE),
('151ead22-b945-481a-961b-9022762b3ae9', '', 'slack.com', 'MAC', 1, TRUE),
('a39d053d-d133-41d2-9306-a70a6f7d23ba', '', 'skyshowtime.com', 'MAC', 1, TRUE),
('2d2429eb-bc7a-46cd-b1f6-061a482001ff', '', 'skyscanner.com', 'MAC', 1, TRUE),
('0b988bee-0eb2-4a60-8a66-a8f6f8ebe3f5', '', 'skype.com', 'MAC', 1, TRUE),
('e33e26a0-5b59-4b68-a913-8a6cd5058dab', '', 'sketch.com', 'MAC', 1, TRUE),
('e95af618-1412-4ba0-aeff-badbfc00d7a9', '', 'signal.org', 'MAC', 1, TRUE),
('f304c28a-3fa4-4189-9967-010d6b0f2606', '', 'shopify.com', 'MAC', 1, TRUE),
('9c63c9f4-a358-4e20-83b8-584e5a5bcc17', '', 'shein.com', 'MAC', 1, TRUE),
('30082079-b957-4602-a9a8-f7036e849445', '', 'sheets.google.com', 'MAC', 1, TRUE),
('e1e760a7-1baf-4824-ab0a-b763d65f8e98', '', 'secretflying.com', 'MAC', 1, TRUE),
('5cdf0cd0-3f44-44d3-bc52-57e1c90ccb39', '', 'scmp.com', 'MAC', 1, TRUE),
('00da13df-d97e-469d-b670-6f02fff155f6', '', 'sainsburys.co.uk', 'MAC', 1, TRUE),
('cca5683b-a3bb-4679-8474-9cdace5050f0', '', 'ryanair.com', 'MAC', 1, TRUE),
('ea04703d-ed4f-49e2-b62e-535ef551dec5', '', 'royalcaribbean.com', 'MAC', 1, TRUE),
('fe132b9c-3a2e-40bf-b63a-afcfa1a9928d', '', 'riotgames.com', 'MAC', 1, TRUE),
('a207ff41-d4d8-4550-90c9-1c07ec4e3e02', '', 'reuters.com', 'MAC', 1, TRUE),
('d7dc19de-8d96-4e8c-bb7b-528c9f7b5ac8', '', 'replit.com', 'MAC', 1, TRUE),
('f5c1f48c-99a5-4e45-8276-5fe24bcfb697', '', 'rentalcars.com', 'MAC', 1, TRUE),
('a408e748-c5ca-4624-aec6-8d766032313f', '', 'reddit.com', 'MAC', 1, TRUE),
('faa6fef2-ab42-465e-95c7-93aff8b9a6ce', '', 'read.amazon.com', 'MAC', 1, TRUE),
('9d0213cc-617f-43e1-b12d-54a3138703c7', '', 'rakuten.tv', 'MAC', 1, TRUE),
('5fa6a0bf-c1a3-4d22-af6f-233e76affbd8', '', 'rakuten.com', 'MAC', 1, TRUE),
('6cbfa1db-798e-457f-8e85-e38aa2444df1', '', 'quora.com', 'MAC', 1, TRUE),
('f481611b-8792-47f0-a274-9caa1a57aacc', '', 'proton.me', 'MAC', 1, TRUE),
('330aee9a-4e7f-4256-9495-b1d9126aef66', '', 'primevideo.com', 'MAC', 1, TRUE),
('f4399aa4-0045-4427-b89a-488070784af6', '', 'priceline.com', 'MAC', 1, TRUE),
('dfc9c22e-f7c1-4b64-be46-894c04decc42', '', 'powerbi.com', 'MAC', 1, TRUE),
('362a41f5-a0b1-418e-96bd-6300ac95f484', '', 'posthog.com', 'MAC', 1, TRUE),
('a1091558-44c8-423e-990d-a91347683049', '', 'polygon.com', 'MAC', 1, TRUE),
('78a249f2-14e0-4589-8d35-ea8e76b9c35b', '', 'politico.eu', 'MAC', 1, TRUE),
('1caf6224-d79c-4142-b20c-d4051bbba7df', '', 'plus.rtl.com', 'MAC', 1, TRUE),
('addda57b-bde0-4417-883b-cc0a002e0e0e', '', 'plus.espn.com', 'MAC', 1, TRUE),
('3e24bc4e-27c9-4780-bf94-4efaa9ab245f', '', 'pluralsight.com', 'MAC', 1, TRUE),
('36e91778-0286-4f45-9dde-0d36fd0199d6', '', 'playstation.com', 'MAC', 1, TRUE),
('0043fb8d-c58b-4ff0-ab58-12788ccfb2cc', '', 'pinterest.com', 'MAC', 1, TRUE),
('0020e247-f8c2-4593-b51a-12857f494657', '', 'photos.google.com', 'MAC', 1, TRUE),
('d10b777b-eacb-4d45-bbe2-9e6d866bd992', '', 'perplexity.ai', 'MAC', 1, TRUE),
('bcecc78d-d462-4032-bf72-1924458deaa9', '', 'peacocktv.com', 'MAC', 1, TRUE),
('a9477413-93c2-46e4-ac77-4bfceae67c65', '', 'pcgamer.com', 'MAC', 1, TRUE),
('4d5753f8-37b5-40bf-8d8b-edcf789f2e95', '', 'paramountplus.com', 'MAC', 1, TRUE),
('e52a2f58-aa28-41e0-b439-533d96058364', '', 'ozon.ru', 'MAC', 1, TRUE),
('7dd3a300-5960-41ae-9858-1716ab889704', '', 'overstock.com', 'MAC', 1, TRUE),
('675a80e3-5a6c-42cb-b64f-6bb023dc421f', '', 'outlook.live.com', 'MAC', 1, TRUE),
('8909d9ed-7037-4cbf-9bf9-b3c78e5c64ed', '', 'origin.com', 'MAC', 1, TRUE),
('bd2c018e-21a6-4d28-80e9-59fb44bb5027', 'Firefox', 'org.mozilla.firefox', 'MAC', 0, TRUE),
('0e92340b-a51a-419e-84a2-7b3e4016075e', '', 'orbitz.com', 'MAC', 1, TRUE),
('d0241f97-2e51-48a7-93a1-8aa8750baa21', '', 'openai.com', 'MAC', 1, TRUE),
('e2a4249f-7315-44d8-9148-49786d3f4fac', '', 'ocs.com', 'MAC', 1, TRUE),
('3958aa5c-1f49-42c7-8a26-3e88d6394ec1', '', 'nzherald.co.nz', 'MAC', 1, TRUE),
('016ca55f-d690-4692-bb40-0db88b0a7370', '', 'nytimes.com', 'MAC', 1, TRUE),
('5f7b577c-ed15-4c1e-9d2c-88fba00c2635', '', 'notion.so', 'MAC', 1, TRUE),
('e605fb1c-bbd0-458b-82f4-3dda29860127', '', 'notebooklm.google.com', 'MAC', 1, TRUE),
('a0a2ced7-4318-4e17-a6d2-088954f22d5e', '', 'norwegian.com', 'MAC', 1, TRUE),
('0069302a-d2b4-4aa3-aca6-bf77a1fa04e2', '', 'nordstromrack.com', 'MAC', 1, TRUE),
('fd284e79-8413-4f2e-8572-5cdbab08053d', '', 'nordstrom.com', 'MAC', 1, TRUE),
('a0541939-2b29-46bc-9445-b063be6400d3', '', 'nintendo.com', 'MAC', 1, TRUE),
('3d0dad4c-494b-41f6-84c3-aef91e5b200f', '', 'nike.com', 'MAC', 1, TRUE),
('ed2aac2c-3231-49ec-b8b9-5a9c9df074c5', '', 'next.co.uk', 'MAC', 1, TRUE),
('a90fea06-17ab-42dd-900b-77a6a1233e7d', '', 'news.ycombinator.com', 'MAC', 1, TRUE),
('26eac404-c73f-4fcb-a42c-00c56aa202f5', '', 'news.com.au', 'MAC', 1, TRUE),
('a2b851e9-0b07-4920-abca-7c11c09b9287', '', 'newegg.com', 'MAC', 1, TRUE),
('90223a1c-c613-43b2-a66c-d239f863e6d5', '', 'netflix.com', 'MAC', 1, TRUE),
('ed5eba22-3143-4077-9cfa-e7994e4041af', '‎WhatsApp', 'net.whatsapp.WhatsApp', 'MAC', 0, TRUE),
('9e49722b-b5e5-4543-ae3a-ff09912e8542', '', 'ndtv.com', 'MAC', 1, TRUE),
('75aeb5ac-e53b-44f0-ba5c-1c3024d8e3e8', '', 'nbcnews.com', 'MAC', 1, TRUE),
('3476c58b-afdd-4faf-afac-4144ef1dd730', '', 'nationalpost.com', 'MAC', 1, TRUE),
('4b8cfcf6-80e5-49b9-85ed-071d600c072a', '', 'nationalexpress.com', 'MAC', 1, TRUE),
('9b9b7fa8-163f-415f-bd5b-9580d0aacccb', '', 'myspace.com', 'MAC', 1, TRUE),
('96b17bc8-8fa0-488e-b64b-0890344becde', '', 'mubi.com', 'MAC', 1, TRUE),
('b662baaf-52f8-4143-beff-93494ac47bd0', '', 'monday.com', 'MAC', 1, TRUE),
('adfd8d0f-ec7c-47e6-aa98-77f81d5fd824', '', 'mirror.co.uk', 'MAC', 1, TRUE),
('3eb0abc7-3f10-4bfa-b7f9-918532d602a3', '', 'midjourney.com', 'MAC', 1, TRUE),
('bd55dd87-b89e-4e70-9660-871d07fb4af6', '', 'mgmplus.com', 'MAC', 1, TRUE),
('436647b5-00ee-4c0a-9317-10417bc85557', '', 'metro.co.uk', 'MAC', 1, TRUE),
('2360650e-9752-490d-b8d6-3ff562247aea', '', 'meta.ai', 'MAC', 1, TRUE),
('f5d1cb1a-ab21-4534-ac5a-12e80203fffa', '', 'messenger.com', 'MAC', 1, TRUE),
('c7d15405-437b-4c4e-a312-8c30ca0d771d', '', 'messages.google.com', 'MAC', 1, TRUE),
('a2f747bd-b18d-461a-b474-48c4014a4028', '', 'mercadolivre.com.br', 'MAC', 1, TRUE),
('7341e697-a8fa-40ea-87cd-53dde775a500', 'Obsidian', 'md.obsidian', 'MAC', 0, TRUE),
('2c617173-6aa5-4cfb-8965-c4b4565f7170', '', 'max.com', 'MAC', 1, TRUE),
('84a7b549-244d-462e-aa3f-e44121c827d3', '', 'mastodon.social', 'MAC', 1, TRUE),
('442b0e0d-b86d-41a7-aa92-cec2a572d201', '', 'marriott.com', 'MAC', 1, TRUE),
('30ce9e2e-f7aa-4314-8c15-2d5ef21ba504', '', 'marksandspencer.com', 'MAC', 1, TRUE),
('53f5351f-032b-4ce3-aa5d-99b86c680a4f', '', 'mail.google.com', 'MAC', 1, TRUE),
('14e6c11e-9d97-457b-9048-e89c251aed12', '', 'macys.com', 'MAC', 1, TRUE),
('cefac3be-5cb8-47f8-840e-3c2c0699daf4', '', 'lufthansa.com', 'MAC', 1, TRUE),
('232cbb4d-51e6-4b6c-88f0-84c5fbfe54aa', '', 'lovable.dev', 'MAC', 1, TRUE),
('0ab78baa-af45-4330-9437-112bb55b6668', '', 'localhost', 'MAC', 1, TRUE),
('a3185ef4-2c07-41d3-a26f-e7cf3394ec6f', '', 'linkedin.com', 'MAC', 1, TRUE),
('9c7162e8-65b3-4edb-aef3-87e419939816', '', 'linear.com', 'MAC', 1, TRUE),
('b6432b03-1da1-403a-b12e-53f1429d19c5', '', 'line.me', 'MAC', 1, TRUE),
('3b36cd32-f49d-4cc8-93c6-3740de4d0527', '', 'latimes.com', 'MAC', 1, TRUE),
('9cafa497-12ba-48e8-9217-98e1efd7ca54', '', 'lastminute.com', 'MAC', 1, TRUE),
('6892fcb9-2c9b-48e8-8b4f-1ad334dec4d3', '', 'kotaku.com', 'MAC', 1, TRUE),
('75d6096c-8acf-4cc3-a959-c5838d7eec80', '', 'klm.com', 'MAC', 1, TRUE),
('22efb6c9-d052-4ac7-a20a-b0a79f32e568', '', 'kik.com', 'MAC', 1, TRUE),
('411822c1-1946-4f4a-9e13-dcbd2b1cc766', '', 'kayak.com', 'MAC', 1, TRUE),
('9f41f13d-6e3e-4269-bf74-ab9f8b19b621', '', 'johnlewis.com', 'MAC', 1, TRUE),
('3451b616-0494-4b9d-b770-734e1ec66ba4', '', 'jd.com', 'MAC', 1, TRUE),
('46328b23-f9aa-4e24-9e85-92ceeb32aede', '', 'japantimes.co.jp', 'MAC', 1, TRUE),
('3031f3da-77a3-48b6-8b08-5af936f9990b', '', 'itch.io', 'MAC', 1, TRUE),
('a8fef721-3dd9-4eca-b753-8777a1487846', '', 'iqiyi.com', 'MAC', 1, TRUE),
('daa52d58-0a96-4ba3-9d01-a12853bf47f3', 'Hoppscotch', 'io.hoppscotch.desktop', 'MAC', 0, TRUE),
('8697ab52-f056-478e-af69-344e22a98291', '', 'instagram.com', 'MAC', 1, TRUE),
('2b405ebb-4020-4331-a2b4-44056c074f44', '', 'independent.co.uk', 'MAC', 1, TRUE),
('aa340d32-087c-48fc-af69-90b663be7414', '', 'ikea.com', 'MAC', 1, TRUE),
('b0a708fe-f12f-4973-9e4b-4fd1330d2839', '', 'ihg.com', 'MAC', 1, TRUE),
('088e4db4-375d-4de7-b4ae-b8b62d942541', '', 'ign.com', 'MAC', 1, TRUE),
('83b42799-9c68-4ac3-9bcd-86303b88ebcb', '', 'iflix.com', 'MAC', 1, TRUE),
('caf518f1-6a39-4db4-852d-a6818f129f9b', '', 'icq.com', 'MAC', 1, TRUE),
('8209af60-3cc1-495c-9216-b799fda9bdb3', '', 'icloud.com/mail', 'MAC', 1, TRUE),
('30e7b3ea-f762-4d2f-ad85-46a7b71f3058', '', 'humblebundle.com', 'MAC', 1, TRUE),
('736ffdf0-5571-41c6-9dd3-8c8b3c7d1f56', '', 'hulu.com', 'MAC', 1, TRUE),
('8a72fb1f-cddd-4c85-af7c-143d8d2fdb29', '', 'hotwire.com', 'MAC', 1, TRUE),
('6974ba02-4506-42ac-9c0b-a4690b23ac8e', '', 'hotels.com', 'MAC', 1, TRUE),
('d217580b-8826-4853-b7cf-dc0c7e15c61c', '', 'hostelworld.com', 'MAC', 1, TRUE),
('89297845-a064-4b07-9dab-6de682ade447', '', 'homedepot.com', 'MAC', 1, TRUE),
('50f9f8c7-c74d-4528-bfb4-b73f248b8ded', '', 'holidaypirates.com', 'MAC', 1, TRUE),
('0f0a607d-8c71-4b07-865d-1bbd15c2ce97', '', 'hm.com', 'MAC', 1, TRUE),
('dce2968d-d934-4ef7-b4d1-bfbccbabd874', '', 'hilton.com', 'MAC', 1, TRUE),
('49fbca5d-ff60-4e44-8734-41f9cea99ff0', '', 'hertz.com', 'MAC', 1, TRUE),
('75798ac4-0722-4b5d-9882-d2d8039d0fbc', '', 'greenmangaming.com', 'MAC', 1, TRUE),
('5cef2e49-7b2d-4b18-be0e-342442bd280b', '', 'google.com', 'MAC', 1, TRUE),
('73e12069-f6d7-4f4a-8c6e-837ea6d68daa', '', 'gog.com', 'MAC', 1, TRUE),
('8bcfc63d-9854-4599-ab6e-10288dff7ad2', '', 'gmail.com', 'MAC', 1, TRUE),
('e138fb2a-b89b-4172-bc56-738ff61a46b0', '', 'globe.com', 'MAC', 1, TRUE),
('e2abdc80-9f98-466e-8038-e5c5a804e96b', '', 'github.com/copilot', 'MAC', 1, TRUE),
('3c79d70d-bbe8-4442-9678-20aa1946d2c8', '', 'github.com', 'MAC', 1, TRUE),
('ace09ceb-153c-452d-acfb-5aaa0e4e0f5c', '', 'gemini.google.com', 'MAC', 1, TRUE),
('550dbd76-90e4-455e-8915-36a921aae1f8', '', 'gamespot.com', 'MAC', 1, TRUE),
('c6f76eb5-fcf4-495c-b084-63ab1153c376', '', 'ft.com', 'MAC', 1, TRUE),
('b00a63f2-327a-4684-a06d-08769ce8e7d5', '', 'france24.com', 'MAC', 1, TRUE),
('37cf5ce0-258c-4719-b7bc-1a40f40d73ef', '', 'framer.com', 'MAC', 1, TRUE),
('a0d60216-999f-4b58-8be9-dbb920afeede', '', 'fr.boohoo.com', 'MAC', 1, TRUE),
('70835a40-80f3-46cd-96d8-901179bba14f', '', 'foxnews.com', 'MAC', 1, TRUE),
('e8f49633-46f3-4745-b9b8-854089d615e5', '', 'firebase.google.com', 'MAC', 1, TRUE),
('2470a1cb-5573-45e6-be05-6403d5028760', '', 'figma.com', 'MAC', 1, TRUE),
('ed5d2dff-4d22-4655-a8c8-f121c8902a97', '', 'facebook.com', 'MAC', 1, TRUE),
('de842413-ec92-4ec7-a816-230e1d858dbd', '', 'expedia.com', 'MAC', 1, TRUE),
('c9ed4f53-0113-4088-a7c6-1b82cd25dce3', '', 'excalidraw.com', 'MAC', 1, TRUE),
('2819402d-1310-4b76-93a8-526ba3af4c2f', '', 'evernote.com', 'MAC', 1, TRUE),
('ccb1104e-0346-4680-aae4-13b09611f10b', '', 'eurostar.com', 'MAC', 1, TRUE),
('e5516f97-b4c1-401c-8831-3fd538529dec', '', 'euronews.com', 'MAC', 1, TRUE),
('77d72059-53f7-4fa1-8553-f8f5ca5c6ab3', '', 'etsy.com', 'MAC', 1, TRUE),
('f507baf5-6c30-4137-8b1a-6f95a990f53f', '', 'espn.com', 'MAC', 1, TRUE),
('229310a7-cecd-4043-8bfc-2ec348ab9c49', '', 'epicgames.com', 'MAC', 1, TRUE),
('93f61548-f6bd-4527-a141-1e8abdd28c24', '', 'enterprise.com', 'MAC', 1, TRUE),
('80d6cb41-222c-4d3d-9119-1b6e14b9fc64', '', 'emirates.com', 'MAC', 1, TRUE),
('0c68da0d-7dce-409c-bc38-43a8eb3c94e4', '', 'element.io', 'MAC', 1, TRUE),
('c0a138d4-b47c-4166-9151-b5bb9152216a', '', 'ebay.com', 'MAC', 1, TRUE),
('9d624a37-aefb-4ed0-ba9d-3371719ed681', '', 'easyjet.com', 'MAC', 1, TRUE),
('e42d99c6-aa62-4365-9369-ef1bd8025801', '', 'dw.com', 'MAC', 1, TRUE),
('8ae484c0-65ed-4dbe-a5d8-88b8b175746b', '', 'drive.google.com', 'MAC', 1, TRUE),
('4f35110d-b0c5-4eaa-a8e3-fdab76e5ea16', '', 'domo.com', 'MAC', 1, TRUE),
('bf2d494c-7f24-438a-88f7-2804569e9947', '', 'docs.rs', 'MAC', 1, TRUE),
('fc9e1550-ad8e-4ba5-8d28-bf1f9ed8444c', '', 'docs.google.com', 'MAC', 1, TRUE),
('347f3b2e-0e21-4983-a03b-bb70b0a29224', '', 'disneyplus.com', 'MAC', 1, TRUE),
('9480ad73-53ed-4077-aefb-0ddcf470dc2a', '', 'discussions.apple.com', 'MAC', 1, TRUE),
('b196fa3d-28c2-4bd4-a146-6be20fff36b1', '', 'discoveryplus.com', 'MAC', 1, TRUE),
('7ba74c0d-4034-47e6-ad36-aa15b7b8ae47', '', 'discord.com', 'MAC', 1, TRUE),
('3758e78f-ade7-404f-b7e8-8834951b7a96', 'Warp', 'dev.warp.Warp-Stable', 'MAC', 0, TRUE),
('d9cf4ba4-0122-4009-b487-383ffa6da123', '', 'deepseek.com', 'MAC', 1, TRUE),
('0c56c9da-6b47-493b-8c43-a3e3430c275e', '', 'debenhams.com', 'MAC', 1, TRUE),
('20e9fb6c-cc8d-4b7e-8356-855cb9337d80', '', 'dazn.com', 'MAC', 1, TRUE),
('cb7297df-092e-4b40-a7ee-9b2d62dac579', '', 'dash.cloudflare.com', 'MAC', 1, TRUE),
('145e99d0-f853-42d0-b4a9-a111a8b32afa', '', 'dailymail.co.uk', 'MAC', 1, TRUE),
('c7c0f70f-1cb7-4eae-ab97-4da2ba4d4a4e', '', 'daily.dev', 'MAC', 1, TRUE),
('5abc8251-0b9d-4107-92f3-0d4463110e50', '', 'currys.co.uk', 'MAC', 1, TRUE),
('3e52278e-b787-42c1-90a8-354ad06cc1ce', '', 'crunchyroll.com', 'MAC', 1, TRUE),
('3d2ee6a0-b5da-41cf-86e2-334680d6153c', '', 'cruisecritic.com', 'MAC', 1, TRUE),
('6e805c21-aa66-41fa-bcc0-d06eb18eb649', '', 'craigslist.com', 'MAC', 1, TRUE),
('ffcde3ed-963f-4545-9f11-e6ea1dcb0e75', '', 'copilot.microsoft.com', 'MAC', 1, TRUE),
('38848d2d-c8fc-4baa-8cc5-c86b11b5c2e2', 'Arc', 'company.thebrowser.Browser', 'MAC', 0, TRUE),
('600373dc-706b-419d-9c3f-14fe89963bdf', 'Steam Helper', 'com.valvesoftware.steam', 'MAC', 0, TRUE),
('d87e030c-6bcc-4774-a3ce-32301ea2c4dc', 'Cursor', 'com.todesktop.230313mzl4w4u92', 'MAC', 0, TRUE),
('2e64f618-1b93-407f-8d54-d38f828d366b', 'Slack', 'com.tinyspeck.slackmacgap', 'MAC', 0, TRUE),
('57702d62-acd9-4155-bd7f-b2b9ed990b68', 'Spotify', 'com.spotify.client', 'MAC', 0, TRUE),
('f87abf2b-2275-4b11-9102-77b57336d49c', 'Raycast', 'com.raycast.macos', 'MAC', 0, TRUE),
('c5ccf136-d759-47e5-b3ff-6dbcc5a05956', 'Postman', 'com.postmanlabs.mac', 'MAC', 0, TRUE),
('b89e720a-5ab4-4640-a576-b143a222bf13', 'Visual Studio Code', 'com.microsoft.VSCode', 'MAC', 0, TRUE),
('8377a24b-ed6a-41b4-b4e4-5f97e35845c7', 'Code', 'com.microsoft.VSCode', 'MAC', 0, TRUE),
('017f7930-e70a-4082-8269-8430eac0c300', 'Outlook', 'com.microsoft.Outlook', 'MAC', 0, TRUE),
('304fb4fc-e3a1-4c31-8aca-3aa328cd9de7', 'Linear', 'com.linear', 'MAC', 0, TRUE),
('bdaa7f1e-ef0b-452f-84f5-954c2d9537f5', 'WebStorm', 'com.jetbrains.WebStorm', 'MAC', 0, TRUE),
('db0f0610-582b-4229-b22f-fbdaa1160908', 'PyCharm', 'com.jetbrains.PyCharm', 'MAC', 0, TRUE),
('36f72d69-afde-49ff-8a80-5752fbbfc418', 'Intellij IDEA', 'com.jetbrains.intellij', 'MAC', 0, TRUE),
('e086b429-7a82-4b3d-9046-b6755a1f23d1', 'Discord', 'com.hnc.Discord', 'MAC', 0, TRUE),
('15c63bb9-7d9e-435a-8c2f-1db328ef32f5', 'Google Chrome', 'com.google.Chrome', 'MAC', 0, TRUE),
('99467820-ef3b-476f-95b2-828ed782007e', 'Gather', 'com.gather.Gather', 'MAC', 0, TRUE),
('c95d9a18-c937-4092-9f9c-7a856ca8ac0e', 'Logseq', 'com.electron.logseq', 'MAC', 0, TRUE),
('3201df47-10c4-46ee-ac85-c46b4a884776', 'Ebb', 'com.ebb.app', 'MAC', 0, TRUE),
('4da28949-cc12-4927-ac14-957b0569fb9e', 'CrossOver', 'com.codeweavers.CrossOver', 'MAC', 0, TRUE),
('a9fbac32-e93d-4a98-90d9-684cd3afc6bb', 'Brave Browser', 'com.brave.Browser', 'MAC', 0, TRUE),
('242dbf5a-efca-47b6-bb6f-a36ecdc79410', 'TV', 'com.apple.Terminal', 'MAC', 0, TRUE),
('9210d23f-1c28-43b5-924e-42b766e22a0e', 'Safari', 'com.apple.Safari', 'MAC', 0, TRUE),
('e2a48258-8692-446b-9141-4936fafdce93', 'QuickTime Player', 'com.apple.QuickTimePlayerX', 'MAC', 0, TRUE),
('e96de0b1-ad1d-4c65-bf5c-8f50fe90192a', 'Preview', 'com.apple.Preview', 'MAC', 0, TRUE),
('69cd8ba0-d3ed-426f-899b-f391ee203693', 'Podcasts', 'com.apple.podcasts', 'MAC', 0, TRUE),
('03189ba3-719e-44f1-8b6d-3fbcbf391870', 'Photos', 'com.apple.Photos', 'MAC', 0, TRUE),
('0efa63e0-4b64-49de-92ab-874920ea536c', 'Notes', 'com.apple.Notes', 'MAC', 0, TRUE),
('7d98b6d2-f14b-48c0-9f31-8281bf55a828', 'News', 'com.apple.news', 'MAC', 0, TRUE),
('65b0e231-e9b6-42b1-85f7-7c56af39247b', 'Music', 'com.apple.Music', 'MAC', 0, TRUE),
('aa80a249-dfa5-4fad-9acb-56943032cbbb', 'Messages', 'com.apple.MobileSMS', 'MAC', 0, TRUE),
('8de4ff80-a60d-4409-8eba-5da33b32d179', 'Pages', 'com.apple.iWork.Pages', 'MAC', 0, TRUE),
('00d33b57-b567-40a8-8a00-94a6a21493c8', 'Numbers', 'com.apple.iWork.Numbers', 'MAC', 0, TRUE),
('e1ee00ce-e788-4d96-a7e9-86a36e8592e8', 'Books', 'com.apple.iBooksX', 'MAC', 0, TRUE),
('0efd2442-7975-4740-afa2-36a86b1b3f94', 'GarageBand', 'com.apple.garageband10', 'MAC', 0, TRUE),
('0086e6e2-81e8-4285-9cb1-af47b51e1c52', 'Finder', 'com.apple.finder', 'MAC', 0, TRUE),
('2c1b53cd-f37d-4b37-96af-0ed2a12bbe9f', 'FaceTime', 'com.apple.FaceTime', 'MAC', 0, TRUE),
('b6791fe7-909b-4491-8554-6c00db38574a', 'Automator', 'com.apple.Automator', 'MAC', 0, TRUE);

-- Insert app_tag relationships
INSERT INTO app_tag (id, app_id, tag_id, weight, is_default) VALUES
('f686fa17-2e1c-4f66-9111-98500befb1f3', '546d594c-7bf0-4c4b-bb1f-a4a2d9a43ed1', '80b3e0a5-0477-4f35-b250-2ee1b0de75d3', 0.5, TRUE),
('e21bb33b-6c4e-4f89-a409-6141d3ef7a84', '546d594c-7bf0-4c4b-bb1f-a4a2d9a43ed1', '8c4d3cbb-479d-46af-8438-0f909c911b6d', 1, TRUE),
('d364a22d-e505-4f5e-8ebe-aa69124167cd', '6b25dd14-8cc0-4871-9c0b-cd69ccbc9474', '80b3e0a5-0477-4f35-b250-2ee1b0de75d3', 1, TRUE),
('82914df2-be91-40ae-a63f-36086dfbcce8', '6b25dd14-8cc0-4871-9c0b-cd69ccbc9474', '573b67be-ffef-496d-b1f2-d1993adf9f13', 1, TRUE),
('0a04cbbe-732b-40db-8d74-96af48f4bdb4', 'e4d3a9b8-7622-438c-9d4e-b0bf4c9dbad2', '80b3e0a5-0477-4f35-b250-2ee1b0de75d3', 1, TRUE),
('5eded16b-fd41-457c-8c13-15a36d573a44', 'e4d3a9b8-7622-438c-9d4e-b0bf4c9dbad2', '38bc3029-a379-4ec3-b0a8-d8d0a8bd5fcd', 1, TRUE),
('2908eef4-a333-4ee6-a83c-35e9a5702688', 'ea3fdd17-ac86-4e3c-a17e-48eb9c3866a2', '80b3e0a5-0477-4f35-b250-2ee1b0de75d3', 1, TRUE),
('07508bca-9b29-429e-8b96-6ce3dedeab84', 'ea3fdd17-ac86-4e3c-a17e-48eb9c3866a2', '38bc3029-a379-4ec3-b0a8-d8d0a8bd5fcd', 1, TRUE),
('efbd968e-3e8e-4360-b092-b6697b41ae20', 'd1146af7-237c-4c76-8f3f-448e49b92257', '80b3e0a5-0477-4f35-b250-2ee1b0de75d3', 1, TRUE),
('e39514fd-de02-496f-82d4-73d9be5f0e47', 'd1146af7-237c-4c76-8f3f-448e49b92257', '573b67be-ffef-496d-b1f2-d1993adf9f13', 1, TRUE),
('6a7074fa-9d02-428c-b7e2-49b8bf07a945', '54788b7e-7c4a-49b9-aa32-f2e3b9b3e03d', '80b3e0a5-0477-4f35-b250-2ee1b0de75d3', 1, TRUE),
('39f92f37-a4dc-43c2-b623-053107620fe4', '54788b7e-7c4a-49b9-aa32-f2e3b9b3e03d', '573b67be-ffef-496d-b1f2-d1993adf9f13', 1, TRUE),
('f13070f6-5df7-46e0-9b45-0892b5298a49', 'fe05f668-2957-4377-9632-e9ef3401c75b', '80b3e0a5-0477-4f35-b250-2ee1b0de75d3', 1, TRUE),
('0c85c14e-b534-4712-ac80-8c6fe97b7344', 'fe05f668-2957-4377-9632-e9ef3401c75b', '610a9cc1-9e19-4941-9e58-fc66d6162578', 1, TRUE),
('16610d1a-a951-4ddc-964c-17b584187b9d', '768ab78f-1c0e-468b-a4b1-19417fcf9d34', '80b3e0a5-0477-4f35-b250-2ee1b0de75d3', 1, TRUE),
('d8aa46d5-cc84-4bde-8563-3a0e17bee6f2', '768ab78f-1c0e-468b-a4b1-19417fcf9d34', 'b9fe66ee-a2b7-48af-88d3-5157422a7f2a', 1, TRUE),
('7e8f59dc-c644-4dce-ba49-6b3fc9396071', 'a6f2aec8-c9cf-429a-8680-470b600cc4c4', '80b3e0a5-0477-4f35-b250-2ee1b0de75d3', 1, TRUE),
('c419691c-e5f5-4f61-8252-77367a69ba23', 'a6f2aec8-c9cf-429a-8680-470b600cc4c4', '206394f1-df43-4931-bb67-25e03b48885a', 1, TRUE),
('25bed5bf-fcd2-438c-b7ca-4516fe5b59b5', '97067f01-1552-4067-8048-751a10b1e115', '5ba10e13-d342-4262-a391-9b9aa95332cd', 1, TRUE),
('60606845-36ab-453d-85f7-f8fd803cedc6', '97067f01-1552-4067-8048-751a10b1e115', '6ff4dd7e-0d67-4bb5-9336-0c0f53cabf5c', 1, TRUE),
('681b2a3f-63ea-457a-83ca-a01613e67930', 'b94dbac4-961b-4e0c-91ec-38306f115964', '5ba10e13-d342-4262-a391-9b9aa95332cd', 1, TRUE),
('242eae90-2590-4729-8e8f-7f863bb4c155', 'b94dbac4-961b-4e0c-91ec-38306f115964', '6ff4dd7e-0d67-4bb5-9336-0c0f53cabf5c', 1, TRUE),
('25864b4c-4029-4f3e-b81f-02d03d5d1287', '3bda837d-35a3-4cb1-bde4-cacc07108429', '80b3e0a5-0477-4f35-b250-2ee1b0de75d3', 1, TRUE),
('b94b4219-4ef7-4d74-b948-9d3ecf84792e', '3bda837d-35a3-4cb1-bde4-cacc07108429', '38bc3029-a379-4ec3-b0a8-d8d0a8bd5fcd', 1, TRUE),
('1326da4e-f886-4f4d-9e20-44cd643a128e', '78470b37-373b-44ab-a506-7e9c26551d78', '80b3e0a5-0477-4f35-b250-2ee1b0de75d3', 1, TRUE),
('2e19f7db-e6f2-4a3d-8d12-eda15fa92264', '78470b37-373b-44ab-a506-7e9c26551d78', '8c4d3cbb-479d-46af-8438-0f909c911b6d', 1, TRUE),
('342a2368-4e9a-430b-91f8-51b8b90658f1', 'e3f9369d-b9da-42fe-837b-3fc8ac874d4c', '80b3e0a5-0477-4f35-b250-2ee1b0de75d3', 1, TRUE),
('96d3f822-7ea5-4c88-ae21-f9016c2e29f3', 'e3f9369d-b9da-42fe-837b-3fc8ac874d4c', '573b67be-ffef-496d-b1f2-d1993adf9f13', 1, TRUE),
('b16fd6e0-d5dd-49da-87c6-afe6dde14ec7', '52b7cf50-f9ff-4a81-adf8-379c55006ca3', '80b3e0a5-0477-4f35-b250-2ee1b0de75d3', 1, TRUE),
('dad7ca64-00a6-4668-a557-8c81a63807fc', '52b7cf50-f9ff-4a81-adf8-379c55006ca3', '8c4d3cbb-479d-46af-8438-0f909c911b6d', 1, TRUE),
('a906579a-e563-42de-9d93-037a0d0be012', '90378b7a-0f5b-4c34-a3f2-025c5e78d14f', '5ba10e13-d342-4262-a391-9b9aa95332cd', 1, TRUE),
('5df6b430-6e5b-4fdc-b93e-567256c8161a', '90378b7a-0f5b-4c34-a3f2-025c5e78d14f', '6ff4dd7e-0d67-4bb5-9336-0c0f53cabf5c', 1, TRUE),
('ca44d624-6fb4-4e54-9bfb-baeffee460e1', '1cf1ac11-678d-42e6-9911-cf6ada2b2f96', '80b3e0a5-0477-4f35-b250-2ee1b0de75d3', 1, TRUE),
('66e7f619-8db0-4f6f-a6af-18ac7887cd0f', '1cf1ac11-678d-42e6-9911-cf6ada2b2f96', '8c4d3cbb-479d-46af-8438-0f909c911b6d', 1, TRUE),
('8192ab5b-f9fe-4a3d-9dae-1ffeb7b71396', 'f3bc1a15-358f-4e80-bb42-b46dce7cc057', '80b3e0a5-0477-4f35-b250-2ee1b0de75d3', 1, TRUE),
('951248ab-d8bf-4311-9710-ba9a0e0454ec', 'f3bc1a15-358f-4e80-bb42-b46dce7cc057', '8c4d3cbb-479d-46af-8438-0f909c911b6d', 1, TRUE),
('f7b5e67e-318e-43d3-b6c6-130292084c12', 'f3bc1a15-358f-4e80-bb42-b46dce7cc057', 'b9fe66ee-a2b7-48af-88d3-5157422a7f2a', 1, TRUE),
('8a3a9c1a-1b52-4d60-a12b-4a91b0ce470b', '285d81a2-c828-40ec-b8dd-9032a7f6fdbd', '80b3e0a5-0477-4f35-b250-2ee1b0de75d3', 1, TRUE),
('1099c8b3-fe31-48f2-9089-c22b3dda8a73', '285d81a2-c828-40ec-b8dd-9032a7f6fdbd', '38bc3029-a379-4ec3-b0a8-d8d0a8bd5fcd', 1, TRUE),
('74036f56-e65c-405a-b318-5546d5084a7d', '8c60cc1b-b3ec-4c74-9a6f-a0c499a3624c', '80b3e0a5-0477-4f35-b250-2ee1b0de75d3', 1, TRUE),
('d6379557-f9e4-4896-9bf9-5bac811b3cc2', '8c60cc1b-b3ec-4c74-9a6f-a0c499a3624c', '206394f1-df43-4931-bb67-25e03b48885a', 1, TRUE),
('940cf7cc-01a3-47b7-a737-5a6c1e105561', 'c05d570f-3c9d-4636-8a7f-00550895fc5b', '80b3e0a5-0477-4f35-b250-2ee1b0de75d3', 1, TRUE),
('bc696d8d-ad33-4154-8581-6b5749fe6bf3', 'c05d570f-3c9d-4636-8a7f-00550895fc5b', '38bc3029-a379-4ec3-b0a8-d8d0a8bd5fcd', 1, TRUE),
('39925fcf-2b42-4016-88c4-9884818bce83', '6e9fc038-cb50-495a-b5bb-0bb369d9ebee', '80b3e0a5-0477-4f35-b250-2ee1b0de75d3', 1, TRUE),
('0aa71532-f6c1-496e-bd96-2b4829779089', '6e9fc038-cb50-495a-b5bb-0bb369d9ebee', '40228b33-dbbf-4d92-8dd6-567ca22ba61d', 1, TRUE),
('653c07f9-2757-473b-b479-c1ce144b091b', '6321641b-308e-46f6-a95a-8a46e9861bda', '80b3e0a5-0477-4f35-b250-2ee1b0de75d3', 1, TRUE),
('cf8c89b2-3ae2-4239-8792-48ee66f7a9c0', '6321641b-308e-46f6-a95a-8a46e9861bda', 'b9fe66ee-a2b7-48af-88d3-5157422a7f2a', 1, TRUE),
('43557f82-d138-4e23-8f81-c860582afc74', 'cefd34d2-0487-45fe-b209-722573b11503', '80b3e0a5-0477-4f35-b250-2ee1b0de75d3', 1, TRUE),
('307a2f72-92c9-4137-b00d-d535ed8c2cbe', 'cefd34d2-0487-45fe-b209-722573b11503', '8c4d3cbb-479d-46af-8438-0f909c911b6d', 1, TRUE),
('70f7288b-645b-4fe8-8ff6-343ec3ff2934', 'd2d1b72f-7eff-419a-8be6-92cc17a1f483', '80b3e0a5-0477-4f35-b250-2ee1b0de75d3', 1, TRUE),
('a705cfe5-f8a0-4d9b-8d54-10c0897f6e6f', 'd2d1b72f-7eff-419a-8be6-92cc17a1f483', '40228b33-dbbf-4d92-8dd6-567ca22ba61d', 1, TRUE),
('3b224671-a437-4102-a8d9-8ceadf62b560', '114dcb0e-ec6e-4bce-a807-7621c871c795', '80b3e0a5-0477-4f35-b250-2ee1b0de75d3', 1, TRUE),
('34aef138-286a-45d3-95c0-d9ae11316dd8', '114dcb0e-ec6e-4bce-a807-7621c871c795', '573b67be-ffef-496d-b1f2-d1993adf9f13', 1, TRUE),
('8d2a5eb3-4054-4f0a-b45d-b1f4769c8978', '6b089485-f27f-4812-9b5d-f79821add1a1', '80b3e0a5-0477-4f35-b250-2ee1b0de75d3', 1, TRUE),
('7bfd471b-e13b-4a4d-91e1-d542be6e4261', '6b089485-f27f-4812-9b5d-f79821add1a1', '38bc3029-a379-4ec3-b0a8-d8d0a8bd5fcd', 1, TRUE),
('a4003287-26d8-4a58-8847-7323db0d154c', 'fe8c8b2a-c1a1-4a8c-a34a-eeb45fa29869', '5ba10e13-d342-4262-a391-9b9aa95332cd', 0.5, TRUE),
('b6a50608-2349-49bf-91f0-854b66e83166', 'fe8c8b2a-c1a1-4a8c-a34a-eeb45fa29869', '44c5807e-04d9-4702-86b6-0d1f0287df03', 1, TRUE),
('9c603129-b737-404c-8dd3-0576951987b3', 'e71e018a-4ac5-4f02-82d0-15597bcfaab6', '5ba10e13-d342-4262-a391-9b9aa95332cd', 0.5, TRUE),
('1c8d7857-80c3-452b-bd38-49c7726d3519', 'e71e018a-4ac5-4f02-82d0-15597bcfaab6', '44c5807e-04d9-4702-86b6-0d1f0287df03', 1, TRUE),
('673d3e7f-06b2-420f-a1a5-fedbf351d3be', 'b34c4f0d-c86a-435f-8c65-3f4f5fc23bbd', '80b3e0a5-0477-4f35-b250-2ee1b0de75d3', 1, TRUE),
('98d5df26-e78e-4409-b2dc-51fab6c82eae', 'b34c4f0d-c86a-435f-8c65-3f4f5fc23bbd', '573b67be-ffef-496d-b1f2-d1993adf9f13', 1, TRUE),
('e614c837-28f7-4577-ae58-0225b743baa2', '78a0ad45-6060-4415-ac46-9d6c1ea24f4b', '80b3e0a5-0477-4f35-b250-2ee1b0de75d3', 1, TRUE),
('38a986b6-bfa7-488e-99f1-cc61a805ae22', '78a0ad45-6060-4415-ac46-9d6c1ea24f4b', '206394f1-df43-4931-bb67-25e03b48885a', 1, TRUE),
('1881a718-3aec-44fd-8fde-e754525f0a9e', '587d657a-5bf1-4d2c-a8d5-559ea5c3ce0f', '80b3e0a5-0477-4f35-b250-2ee1b0de75d3', 1, TRUE),
('02cdfbcf-d77d-4283-ae53-69ef063c21b6', '587d657a-5bf1-4d2c-a8d5-559ea5c3ce0f', '38bc3029-a379-4ec3-b0a8-d8d0a8bd5fcd', 1, TRUE),
('368eca41-ba6f-4a85-a2f6-823a8b98f2c9', '19fc61b5-0d3f-423e-a69b-56b2c6ee6222', '80b3e0a5-0477-4f35-b250-2ee1b0de75d3', 1, TRUE),
('21fe2ee3-5cbf-4edf-898d-9b0fa48a00f3', '19fc61b5-0d3f-423e-a69b-56b2c6ee6222', '38bc3029-a379-4ec3-b0a8-d8d0a8bd5fcd', 1, TRUE),
('5e4319cf-dd93-4914-840e-fd0d709b4e9d', '0c82baa9-c4e6-436a-9ee9-af7f40953dcf', 'fa9da06f-266d-49bf-86b4-ea31f006c24c', 1, TRUE),
('a868af1a-6f63-454b-9cd0-e1c1654b61dc', '0c82baa9-c4e6-436a-9ee9-af7f40953dcf', 'fea05e9c-04ae-498e-959c-43d3036b18da', 1, TRUE),
('e4cc5083-1f49-48da-b54c-2c0e70d966ef', 'dba66dfe-077d-4888-9288-0c2aeff9fdfa', '80b3e0a5-0477-4f35-b250-2ee1b0de75d3', 1, TRUE),
('75f1c0de-0b42-4462-be96-a3e9e38dca2d', 'dba66dfe-077d-4888-9288-0c2aeff9fdfa', '610a9cc1-9e19-4941-9e58-fc66d6162578', 1, TRUE),
('db6a8f01-eb40-4824-8109-7276756ceaad', '2c3c885a-36cf-49ee-b371-5135981df088', '80b3e0a5-0477-4f35-b250-2ee1b0de75d3', 1, TRUE),
('221c4451-da35-47c4-b6c7-8caae4b99449', '2c3c885a-36cf-49ee-b371-5135981df088', 'b9fe66ee-a2b7-48af-88d3-5157422a7f2a', 1, TRUE),
('a5519cf1-6927-4baf-8920-2ea365bc08f9', '15111b39-ca2c-4577-a6f4-d78134ead176', '80b3e0a5-0477-4f35-b250-2ee1b0de75d3', 1, TRUE),
('bcc6c8b8-d864-4225-849c-f178eb00a8ea', '15111b39-ca2c-4577-a6f4-d78134ead176', '610a9cc1-9e19-4941-9e58-fc66d6162578', 1, TRUE),
('9d1aafe0-eef5-449d-9d8b-6f150e347095', 'dd571c47-aebc-4755-be18-0bc0abf41f40', '80b3e0a5-0477-4f35-b250-2ee1b0de75d3', 1, TRUE),
('31acfef7-6a30-4fb4-99b0-586eb9afae57', 'dd571c47-aebc-4755-be18-0bc0abf41f40', '573b67be-ffef-496d-b1f2-d1993adf9f13', 1, TRUE),
('f57991e9-4966-4467-9d57-548923b9debb', '3d4b4f51-58f5-4b59-a272-d4ea32a76185', '80b3e0a5-0477-4f35-b250-2ee1b0de75d3', 1, TRUE),
('f8fa4722-245d-4074-b15c-394782319d38', '3d4b4f51-58f5-4b59-a272-d4ea32a76185', 'b9fe66ee-a2b7-48af-88d3-5157422a7f2a', 1, TRUE),
('6350ec4a-c21b-4402-836c-37d2734f7e02', '1f9bab00-5a50-4c7a-a8d7-f92dec32fb54', '80b3e0a5-0477-4f35-b250-2ee1b0de75d3', 1, TRUE),
('8d2a063d-be30-4890-b923-58d51db8238f', '1f9bab00-5a50-4c7a-a8d7-f92dec32fb54', '40228b33-dbbf-4d92-8dd6-567ca22ba61d', 1, TRUE),
('3b82e732-ee8d-4051-8e58-e0036ea515aa', 'baa73e6d-3335-4233-aea3-6593fe715bd9', '80b3e0a5-0477-4f35-b250-2ee1b0de75d3', 1, TRUE),
('5a6d03a9-8764-47a1-b091-588db516f63d', 'baa73e6d-3335-4233-aea3-6593fe715bd9', '40228b33-dbbf-4d92-8dd6-567ca22ba61d', 1, TRUE),
('fbcc82ac-ae06-42f9-9b12-a08b9d89e1d7', 'f3845c06-ed33-4ac0-85d6-3b7e7c12b6da', '80b3e0a5-0477-4f35-b250-2ee1b0de75d3', 1, TRUE),
('71fcbbac-acb9-4668-b547-e85b445c558e', 'f3845c06-ed33-4ac0-85d6-3b7e7c12b6da', '40228b33-dbbf-4d92-8dd6-567ca22ba61d', 1, TRUE),
('0227f65c-1166-4375-b509-8c74ea9ebd33', 'f4f0db27-4278-4a81-bc40-b4d60df55907', '80b3e0a5-0477-4f35-b250-2ee1b0de75d3', 1, TRUE),
('74a16fad-b6d6-47fa-b56a-1e85f35323f4', 'f4f0db27-4278-4a81-bc40-b4d60df55907', 'b9fe66ee-a2b7-48af-88d3-5157422a7f2a', 1, TRUE),
('1f50519e-e02f-4064-a4f4-abf2361fed4e', '7dd92437-9b36-441a-b192-36f25dd306ab', '80b3e0a5-0477-4f35-b250-2ee1b0de75d3', 1, TRUE),
('3d0c6627-437a-41b9-9029-32de04d62916', '7dd92437-9b36-441a-b192-36f25dd306ab', '8c4d3cbb-479d-46af-8438-0f909c911b6d', 1, TRUE),
('c0163a05-1e9c-4521-8793-844743fcc539', '08f14460-fe23-4cf5-a5c3-40a7702650f6', '80b3e0a5-0477-4f35-b250-2ee1b0de75d3', 1, TRUE),
('d532dba9-22c8-482c-ab1b-01eab2e324e1', '08f14460-fe23-4cf5-a5c3-40a7702650f6', 'b9fe66ee-a2b7-48af-88d3-5157422a7f2a', 1, TRUE),
('e7d871d9-f431-4c75-9377-d5e3ffe9fb0f', '2372ad5b-493f-492f-b01a-aeea99a6793b', '80b3e0a5-0477-4f35-b250-2ee1b0de75d3', 1, TRUE),
('1ffde5bd-3a4b-4a4e-be85-ba445ff39455', '2372ad5b-493f-492f-b01a-aeea99a6793b', '40228b33-dbbf-4d92-8dd6-567ca22ba61d', 1, TRUE),
('a7df9712-5851-493f-bcae-a66d5d7f0bf8', 'c05d5fd7-ca5d-48c3-a275-5245935f6a1d', '80b3e0a5-0477-4f35-b250-2ee1b0de75d3', 1, TRUE),
('60de52ac-d254-4949-a40e-c08e84e35692', 'c05d5fd7-ca5d-48c3-a275-5245935f6a1d', '206394f1-df43-4931-bb67-25e03b48885a', 1, TRUE),
('e91bbb8e-6c4d-4eae-a919-233a3454b42f', 'a8a7ee1e-2cd9-40ff-a0e0-6cd6a6ddde69', '80b3e0a5-0477-4f35-b250-2ee1b0de75d3', 1, TRUE),
('0105d358-ac44-42f1-8066-5ceb6219e5ea', 'a8a7ee1e-2cd9-40ff-a0e0-6cd6a6ddde69', '206394f1-df43-4931-bb67-25e03b48885a', 1, TRUE),
('63d6d50f-83bd-46ed-a813-52a45eba18fe', 'dd3e0a29-9900-4a6f-afce-16000926c2aa', '80b3e0a5-0477-4f35-b250-2ee1b0de75d3', 1, TRUE),
('54c480b9-68d2-4c92-b9b2-88dad1019e37', 'dd3e0a29-9900-4a6f-afce-16000926c2aa', '206394f1-df43-4931-bb67-25e03b48885a', 1, TRUE),
('795ed4b1-1607-4e8b-950d-0e2aa0d9c171', 'f9f3f9c2-97f9-47f5-a061-3b6cf33ae9aa', '80b3e0a5-0477-4f35-b250-2ee1b0de75d3', 1, TRUE),
('21fcdceb-79a5-4d11-99c9-b2b9051bdef2', 'f9f3f9c2-97f9-47f5-a061-3b6cf33ae9aa', '206394f1-df43-4931-bb67-25e03b48885a', 1, TRUE),
('8723991f-8cee-4aa5-955e-2d3afd714979', 'ea2f38cc-a96a-48d3-91e0-da0d906a7b49', '80b3e0a5-0477-4f35-b250-2ee1b0de75d3', 1, TRUE),
('c5b46869-6983-403b-b9e8-0317179f5867', 'ea2f38cc-a96a-48d3-91e0-da0d906a7b49', '38bc3029-a379-4ec3-b0a8-d8d0a8bd5fcd', 1, TRUE),
('d8625811-6a91-4c95-933f-a0bdb150531c', '696ec4aa-24ac-457b-b305-39458456def1', '80b3e0a5-0477-4f35-b250-2ee1b0de75d3', 1, TRUE),
('d4a753ce-e208-4f1a-9c7a-fe66f23cf630', '696ec4aa-24ac-457b-b305-39458456def1', '38bc3029-a379-4ec3-b0a8-d8d0a8bd5fcd', 1, TRUE),
('1e492fed-1e56-4ddf-8df6-8fd7fc343e10', 'd60863cc-5526-4337-bfbf-154dbf3094d7', '80b3e0a5-0477-4f35-b250-2ee1b0de75d3', 1, TRUE),
('1ff25dd0-a886-47d5-a7b3-b81288ce6108', 'd60863cc-5526-4337-bfbf-154dbf3094d7', '206394f1-df43-4931-bb67-25e03b48885a', 1, TRUE),
('0ead6f5e-ce50-48a2-8d6b-fffc806af276', 'e4c00ae2-24a2-462d-bad0-4bdb8b6c4c99', '80b3e0a5-0477-4f35-b250-2ee1b0de75d3', 0.5, TRUE),
('b6873f93-9df0-4a91-8e7a-78c0f8bbd0d8', 'e4c00ae2-24a2-462d-bad0-4bdb8b6c4c99', '8c4d3cbb-479d-46af-8438-0f909c911b6d', 1, TRUE),
('2fc419e5-fe2d-414d-9453-3a46bf1be35e', 'a81fd6de-7403-463a-a782-e809fb9af19b', '80b3e0a5-0477-4f35-b250-2ee1b0de75d3', 1, TRUE),
('7f724c4d-6f77-4ba1-b683-a4c6910c94f1', 'a81fd6de-7403-463a-a782-e809fb9af19b', '38bc3029-a379-4ec3-b0a8-d8d0a8bd5fcd', 1, TRUE),
('c7d75a68-ee78-4c2f-97f9-8e15021b4afa', 'b1993f4c-0778-4830-b2c9-7b30cbb55189', '80b3e0a5-0477-4f35-b250-2ee1b0de75d3', 1, TRUE),
('009d8680-6761-4dfe-b369-20ef7fbaedfd', 'b1993f4c-0778-4830-b2c9-7b30cbb55189', '38bc3029-a379-4ec3-b0a8-d8d0a8bd5fcd', 1, TRUE),
('a42c6917-1e96-4955-96d0-9452afa8b4c8', '0c916c10-c169-4ad3-ae7f-f4397cd48f1f', '5ba10e13-d342-4262-a391-9b9aa95332cd', 0.5, TRUE),
('7a562234-8187-4773-9220-8029dbb22418', '0c916c10-c169-4ad3-ae7f-f4397cd48f1f', '563d3b3a-f61a-4f64-8542-e950aa3efadf', 1, TRUE),
('6b6d2dd2-2038-4f31-8d90-4650c3931d10', 'bd22c77f-81aa-434f-81b3-42f5624cbfb9', '5ba10e13-d342-4262-a391-9b9aa95332cd', 0.5, TRUE),
('184283c3-afbd-4cfb-8461-8d7bfa4aad25', 'bd22c77f-81aa-434f-81b3-42f5624cbfb9', 'd2c5e874-09e6-4196-b268-c732d7dda1d2', 1, TRUE),
('1ff9754d-9421-479b-98fe-06046e006915', 'b6c8d519-93fb-4f94-a338-b359a52395d7', '5ba10e13-d342-4262-a391-9b9aa95332cd', 0.5, TRUE),
('e8787cc5-7b9e-4d41-ae84-399acf7c0fbe', 'b6c8d519-93fb-4f94-a338-b359a52395d7', '44c5807e-04d9-4702-86b6-0d1f0287df03', 1, TRUE),
('b71454c7-f955-49a4-8bfb-562ce750abe1', '9f8d2393-4a90-44da-b160-fa47d875fe45', '80b3e0a5-0477-4f35-b250-2ee1b0de75d3', 1, TRUE),
('00e4809f-a71b-4876-b246-e6b550b05ac6', '9f8d2393-4a90-44da-b160-fa47d875fe45', '206394f1-df43-4931-bb67-25e03b48885a', 1, TRUE),
('30684bc0-ebce-4553-897c-925a3c42b05f', '47dd5b51-96b9-4e3b-ad66-dc1baa22444f', '80b3e0a5-0477-4f35-b250-2ee1b0de75d3', 1, TRUE),
('53487c05-cbcd-4bb2-94d5-fa6964249daa', '47dd5b51-96b9-4e3b-ad66-dc1baa22444f', '610a9cc1-9e19-4941-9e58-fc66d6162578', 1, TRUE),
('a5297684-20f7-45eb-aea1-be275e846150', 'd26aa8f1-a88c-4902-a8d4-91f54a9ffffa', '80b3e0a5-0477-4f35-b250-2ee1b0de75d3', 1, TRUE),
('a1273f41-3796-4a02-b02d-1733cb2349b9', 'd26aa8f1-a88c-4902-a8d4-91f54a9ffffa', '573b67be-ffef-496d-b1f2-d1993adf9f13', 1, TRUE),
('ce213ea0-56b8-4bee-95dd-0edffbf77a38', '394fbdc0-7f58-4a4d-b40e-11d918c5dff6', '80b3e0a5-0477-4f35-b250-2ee1b0de75d3', 1, TRUE),
('303f25a6-40a0-444a-bdbb-97e3404a5a5b', '394fbdc0-7f58-4a4d-b40e-11d918c5dff6', '206394f1-df43-4931-bb67-25e03b48885a', 1, TRUE),
('035f817e-f549-4515-a882-f4d790fd887c', '60156c69-9924-4583-862a-0ce932389065', 'fa9da06f-266d-49bf-86b4-ea31f006c24c', 1, TRUE),
('ca48dab7-fc0d-402d-ae91-9d513858e972', '60156c69-9924-4583-862a-0ce932389065', 'fea05e9c-04ae-498e-959c-43d3036b18da', 1, TRUE),
('7ee0998f-c199-46be-873f-9bfd14d12ef5', 'b968bdee-796b-4ed0-ac40-c2746364b328', '5ba10e13-d342-4262-a391-9b9aa95332cd', 1, TRUE),
('f9623b7a-afd2-416e-8552-1a8c52ae8ddb', 'b968bdee-796b-4ed0-ac40-c2746364b328', '6ff4dd7e-0d67-4bb5-9336-0c0f53cabf5c', 1, TRUE),
('93c47363-6eed-41e9-93b9-12e4ec618b94', '59589855-d352-4457-a7d9-6b4ed6b0c411', 'fa9da06f-266d-49bf-86b4-ea31f006c24c', 1, TRUE),
('8b1672c9-573e-4d4b-8371-b4ceb076cc4d', '59589855-d352-4457-a7d9-6b4ed6b0c411', 'e4e1b3d8-4b3a-4f75-aa8d-e329e56240c2', 1, TRUE),
('d51d23d2-76ab-4078-9a65-3c416ceaa286', '36664286-0e16-4380-895a-9d287e461ee2', '80b3e0a5-0477-4f35-b250-2ee1b0de75d3', 1, TRUE),
('91533e7c-ac28-434e-8182-1e1b4fe380e0', '36664286-0e16-4380-895a-9d287e461ee2', '573b67be-ffef-496d-b1f2-d1993adf9f13', 1, TRUE),
('fac0517e-9ac5-41e9-8e48-02d65db4fe45', '35dbb93e-92ec-4e29-9c42-e39fa640fd9f', '5ba10e13-d342-4262-a391-9b9aa95332cd', 1, TRUE),
('f974cba5-c9dd-4362-8918-ee2c26a5fe4e', '35dbb93e-92ec-4e29-9c42-e39fa640fd9f', '6ff4dd7e-0d67-4bb5-9336-0c0f53cabf5c', 1, TRUE),
('4b7f6892-c460-4233-b78e-9383c9f743e5', '151ead22-b945-481a-961b-9022762b3ae9', '80b3e0a5-0477-4f35-b250-2ee1b0de75d3', 0.5, TRUE),
('c7487020-923d-4780-aa46-42e2a890e93f', '151ead22-b945-481a-961b-9022762b3ae9', '8c4d3cbb-479d-46af-8438-0f909c911b6d', 1, TRUE),
('c90bb187-24f6-48fd-938c-b9b7354186e9', 'a39d053d-d133-41d2-9306-a70a6f7d23ba', '80b3e0a5-0477-4f35-b250-2ee1b0de75d3', 1, TRUE),
('646dcd79-2cb8-4e79-a673-64d0bcdef519', 'a39d053d-d133-41d2-9306-a70a6f7d23ba', '573b67be-ffef-496d-b1f2-d1993adf9f13', 1, TRUE),
('ea0fa6a6-dc12-4c9c-8976-38dc90138e16', '2d2429eb-bc7a-46cd-b1f6-061a482001ff', '80b3e0a5-0477-4f35-b250-2ee1b0de75d3', 1, TRUE),
('baa546a9-b18a-4fb9-b82c-eca616e0f2ee', '2d2429eb-bc7a-46cd-b1f6-061a482001ff', '40228b33-dbbf-4d92-8dd6-567ca22ba61d', 1, TRUE),
('ae89232f-04d2-4a03-bb25-8a9d62e94f21', '0b988bee-0eb2-4a60-8a66-a8f6f8ebe3f5', '80b3e0a5-0477-4f35-b250-2ee1b0de75d3', 1, TRUE),
('69d39cd1-b788-4aa2-b374-24d656438c36', '0b988bee-0eb2-4a60-8a66-a8f6f8ebe3f5', '8c4d3cbb-479d-46af-8438-0f909c911b6d', 1, TRUE),
('22438eaa-2a7e-4874-a8b0-527cfa73ffa1', 'e33e26a0-5b59-4b68-a913-8a6cd5058dab', '5ba10e13-d342-4262-a391-9b9aa95332cd', 1, TRUE),
('84aedcef-4554-4b71-b194-8ac398cba1db', 'e33e26a0-5b59-4b68-a913-8a6cd5058dab', '6ff4dd7e-0d67-4bb5-9336-0c0f53cabf5c', 1, TRUE),
('3d42cba9-6739-469b-8fda-62c9a6c7e236', 'e95af618-1412-4ba0-aeff-badbfc00d7a9', '80b3e0a5-0477-4f35-b250-2ee1b0de75d3', 1, TRUE),
('9875103a-848c-43fd-a233-7081e57644b4', 'e95af618-1412-4ba0-aeff-badbfc00d7a9', '8c4d3cbb-479d-46af-8438-0f909c911b6d', 1, TRUE),
('83e640d6-129e-437b-9b45-07d71b07b3e0', 'f304c28a-3fa4-4189-9967-010d6b0f2606', '80b3e0a5-0477-4f35-b250-2ee1b0de75d3', 1, TRUE),
('5db09192-eacf-46ac-9c17-4e835102bdcd', 'f304c28a-3fa4-4189-9967-010d6b0f2606', '38bc3029-a379-4ec3-b0a8-d8d0a8bd5fcd', 1, TRUE),
('d68facac-50be-4c37-a0bc-99c171fb65d6', '9c63c9f4-a358-4e20-83b8-584e5a5bcc17', '80b3e0a5-0477-4f35-b250-2ee1b0de75d3', 1, TRUE),
('149e83ce-6493-468d-8f1d-6404f8e54201', '9c63c9f4-a358-4e20-83b8-584e5a5bcc17', '38bc3029-a379-4ec3-b0a8-d8d0a8bd5fcd', 1, TRUE),
('df31cbac-de91-4e4c-99dd-9c974a734b2f', '30082079-b957-4602-a9a8-f7036e849445', '5ba10e13-d342-4262-a391-9b9aa95332cd', 1, TRUE),
('32773fb6-49dc-4ad0-a56f-c4f5eb01f367', '30082079-b957-4602-a9a8-f7036e849445', '563d3b3a-f61a-4f64-8542-e950aa3efadf', 1, TRUE),
('911d2c6e-8806-4a7a-85ac-f1afefb7fc53', 'e1e760a7-1baf-4824-ab0a-b763d65f8e98', '80b3e0a5-0477-4f35-b250-2ee1b0de75d3', 1, TRUE),
('6e25a070-9cd8-471b-a22f-badedffff9d1', 'e1e760a7-1baf-4824-ab0a-b763d65f8e98', '40228b33-dbbf-4d92-8dd6-567ca22ba61d', 1, TRUE),
('124d9b6f-144a-439f-8436-a6d561585c97', '5cdf0cd0-3f44-44d3-bc52-57e1c90ccb39', '80b3e0a5-0477-4f35-b250-2ee1b0de75d3', 1, TRUE),
('b2edd29d-ab54-430b-9b46-96b5c418faa1', '5cdf0cd0-3f44-44d3-bc52-57e1c90ccb39', '206394f1-df43-4931-bb67-25e03b48885a', 1, TRUE),
('18abfe3f-e086-4035-ae89-270bca746b76', '00da13df-d97e-469d-b670-6f02fff155f6', '80b3e0a5-0477-4f35-b250-2ee1b0de75d3', 1, TRUE),
('efccaeb8-bb55-4852-8e79-ff983372940a', '00da13df-d97e-469d-b670-6f02fff155f6', '38bc3029-a379-4ec3-b0a8-d8d0a8bd5fcd', 1, TRUE),
('2c2ae74d-712d-4476-86c3-30b621253c0b', 'cca5683b-a3bb-4679-8474-9cdace5050f0', '80b3e0a5-0477-4f35-b250-2ee1b0de75d3', 1, TRUE),
('a210f406-6e32-480e-b751-009c9b6d8901', 'cca5683b-a3bb-4679-8474-9cdace5050f0', '40228b33-dbbf-4d92-8dd6-567ca22ba61d', 1, TRUE),
('1cd2fb81-c37a-42c5-8d3b-f2aca0e9e142', 'ea04703d-ed4f-49e2-b62e-535ef551dec5', '80b3e0a5-0477-4f35-b250-2ee1b0de75d3', 1, TRUE),
('1bdbf5f9-07a3-4da1-b05c-aa2f3efd5402', 'ea04703d-ed4f-49e2-b62e-535ef551dec5', '40228b33-dbbf-4d92-8dd6-567ca22ba61d', 1, TRUE),
('1b061e8b-081e-44b9-81be-71282ed43420', 'fe132b9c-3a2e-40bf-b63a-afcfa1a9928d', '80b3e0a5-0477-4f35-b250-2ee1b0de75d3', 1, TRUE),
('ef379b80-d232-4306-9cf5-0b49c9ec56b5', 'fe132b9c-3a2e-40bf-b63a-afcfa1a9928d', '610a9cc1-9e19-4941-9e58-fc66d6162578', 1, TRUE),
('7f693d9e-5fc2-4d00-b43e-9d643ec3f9f8', 'a207ff41-d4d8-4550-90c9-1c07ec4e3e02', '80b3e0a5-0477-4f35-b250-2ee1b0de75d3', 1, TRUE),
('5852d49b-0a2c-4ffa-a4fa-8e5cd7b22bf9', 'a207ff41-d4d8-4550-90c9-1c07ec4e3e02', '206394f1-df43-4931-bb67-25e03b48885a', 1, TRUE),
('5c77db9b-cc01-4ad3-ab39-04f6a9cfd53a', 'd7dc19de-8d96-4e8c-bb7b-528c9f7b5ac8', '5ba10e13-d342-4262-a391-9b9aa95332cd', 0.5, TRUE),
('12a2506a-f558-4e63-8ce7-9caa189ffb4f', 'd7dc19de-8d96-4e8c-bb7b-528c9f7b5ac8', 'd2c5e874-09e6-4196-b268-c732d7dda1d2', 1, TRUE),
('a3275d39-3769-4171-9e9c-08ff9f71ef30', 'f5c1f48c-99a5-4e45-8276-5fe24bcfb697', '80b3e0a5-0477-4f35-b250-2ee1b0de75d3', 1, TRUE),
('c592889a-7d86-4fcc-ad2b-0c6deccd8931', 'f5c1f48c-99a5-4e45-8276-5fe24bcfb697', '40228b33-dbbf-4d92-8dd6-567ca22ba61d', 1, TRUE),
('753c9323-bdfd-41aa-8cc5-7705d4ce87d6', 'a408e748-c5ca-4624-aec6-8d766032313f', '80b3e0a5-0477-4f35-b250-2ee1b0de75d3', 1, TRUE),
('5eb539f7-6310-43a0-b881-0221fc0a1652', 'a408e748-c5ca-4624-aec6-8d766032313f', 'b9fe66ee-a2b7-48af-88d3-5157422a7f2a', 1, TRUE),
('86264730-2658-4b1f-939a-3de5ebe9c418', 'faa6fef2-ab42-465e-95c7-93aff8b9a6ce', 'fa9da06f-266d-49bf-86b4-ea31f006c24c', 1, TRUE),
('d47bf494-2cbb-417e-a660-eafd4e7fbf81', 'faa6fef2-ab42-465e-95c7-93aff8b9a6ce', 'fea05e9c-04ae-498e-959c-43d3036b18da', 1, TRUE),
('1af11329-8654-4fdc-ba5a-b7bc021c9dca', '9d0213cc-617f-43e1-b12d-54a3138703c7', '80b3e0a5-0477-4f35-b250-2ee1b0de75d3', 1, TRUE),
('aed203b9-937c-4df9-822c-a14fc44cd0ef', '9d0213cc-617f-43e1-b12d-54a3138703c7', '573b67be-ffef-496d-b1f2-d1993adf9f13', 1, TRUE),
('7dc596b7-b577-4d72-bee5-d5a302dc4238', '5fa6a0bf-c1a3-4d22-af6f-233e76affbd8', '80b3e0a5-0477-4f35-b250-2ee1b0de75d3', 1, TRUE),
('c5008f51-4891-4fe2-8a70-2caa1ab0eb54', '5fa6a0bf-c1a3-4d22-af6f-233e76affbd8', '38bc3029-a379-4ec3-b0a8-d8d0a8bd5fcd', 1, TRUE),
('390fe6da-5a53-41c9-85fd-090b81673588', '6cbfa1db-798e-457f-8e85-e38aa2444df1', '80b3e0a5-0477-4f35-b250-2ee1b0de75d3', 1, TRUE),
('65f92873-9f52-45b1-b62f-fda68fd8f09d', '6cbfa1db-798e-457f-8e85-e38aa2444df1', 'b9fe66ee-a2b7-48af-88d3-5157422a7f2a', 1, TRUE),
('814b1bca-7c71-42f6-a98c-620a1c325f03', 'f481611b-8792-47f0-a274-9caa1a57aacc', '80b3e0a5-0477-4f35-b250-2ee1b0de75d3', 1, TRUE),
('4de6b7b9-9a59-40b2-9705-fe44eb565e87', 'f481611b-8792-47f0-a274-9caa1a57aacc', '8c4d3cbb-479d-46af-8438-0f909c911b6d', 1, TRUE),
('5e67a01d-e692-4f80-b743-8ed9e495e073', '330aee9a-4e7f-4256-9495-b1d9126aef66', '80b3e0a5-0477-4f35-b250-2ee1b0de75d3', 1, TRUE),
('eb8656e5-9f99-4d16-b906-e80189639a9d', '330aee9a-4e7f-4256-9495-b1d9126aef66', '573b67be-ffef-496d-b1f2-d1993adf9f13', 1, TRUE),
('2086c188-e543-4293-8e7d-ef20edf8d2b2', 'f4399aa4-0045-4427-b89a-488070784af6', '80b3e0a5-0477-4f35-b250-2ee1b0de75d3', 1, TRUE),
('62686bad-b2de-4e19-91ba-02f411c48e00', 'f4399aa4-0045-4427-b89a-488070784af6', '40228b33-dbbf-4d92-8dd6-567ca22ba61d', 1, TRUE),
('bb2b6bc8-7f72-4c6d-9ac4-f4a285037c8d', 'dfc9c22e-f7c1-4b64-be46-894c04decc42', '5ba10e13-d342-4262-a391-9b9aa95332cd', 0.5, TRUE),
('199811d7-9254-444f-b230-ebd38bde5853', 'dfc9c22e-f7c1-4b64-be46-894c04decc42', '563d3b3a-f61a-4f64-8542-e950aa3efadf', 1, TRUE),
('54a39414-f89e-4b9c-9af0-7c6ca983d668', '362a41f5-a0b1-418e-96bd-6300ac95f484', 'fa9da06f-266d-49bf-86b4-ea31f006c24c', 1, TRUE),
('d5fbd013-1024-4b21-b902-d541b41e516b', '362a41f5-a0b1-418e-96bd-6300ac95f484', '563d3b3a-f61a-4f64-8542-e950aa3efadf', 1, TRUE),
('39221744-7c1e-464e-b8ae-3f4c3173fff4', 'a1091558-44c8-423e-990d-a91347683049', '80b3e0a5-0477-4f35-b250-2ee1b0de75d3', 1, TRUE),
('27b82f9a-ef22-4eb2-abb3-fd153bf23fcf', 'a1091558-44c8-423e-990d-a91347683049', '610a9cc1-9e19-4941-9e58-fc66d6162578', 1, TRUE),
('b8feb80c-2824-477f-b794-28be3d517529', '78a249f2-14e0-4589-8d35-ea8e76b9c35b', '80b3e0a5-0477-4f35-b250-2ee1b0de75d3', 1, TRUE),
('09053b90-66d5-4bd4-8c6c-d8052732a8d5', '78a249f2-14e0-4589-8d35-ea8e76b9c35b', '206394f1-df43-4931-bb67-25e03b48885a', 1, TRUE),
('e69f9ec6-c30c-42e3-865b-afee352a5128', '1caf6224-d79c-4142-b20c-d4051bbba7df', '80b3e0a5-0477-4f35-b250-2ee1b0de75d3', 1, TRUE),
('32cd33ad-32ba-4912-bab6-e531cfa11fef', '1caf6224-d79c-4142-b20c-d4051bbba7df', '573b67be-ffef-496d-b1f2-d1993adf9f13', 1, TRUE),
('cea912c7-78df-46ff-b1c6-0647161dec30', 'addda57b-bde0-4417-883b-cc0a002e0e0e', '80b3e0a5-0477-4f35-b250-2ee1b0de75d3', 1, TRUE),
('67521e95-a687-4e74-9a0a-f40820ad3289', 'addda57b-bde0-4417-883b-cc0a002e0e0e', '573b67be-ffef-496d-b1f2-d1993adf9f13', 1, TRUE),
('72c065df-df27-4e49-86cf-324f8dbf607a', '3e24bc4e-27c9-4780-bf94-4efaa9ab245f', 'fa9da06f-266d-49bf-86b4-ea31f006c24c', 1, TRUE),
('22b59ffe-8976-4797-8b79-0e11b258cba4', '3e24bc4e-27c9-4780-bf94-4efaa9ab245f', 'fea05e9c-04ae-498e-959c-43d3036b18da', 1, TRUE),
('6edb9430-15a6-47e8-947a-025d6ea5ba1f', '36e91778-0286-4f45-9dde-0d36fd0199d6', '80b3e0a5-0477-4f35-b250-2ee1b0de75d3', 1, TRUE),
('e1c9ea95-ebda-49f4-aa9a-09af7671c60d', '36e91778-0286-4f45-9dde-0d36fd0199d6', '610a9cc1-9e19-4941-9e58-fc66d6162578', 1, TRUE),
('860b17aa-4109-4eb4-af72-9e35a093e57d', '0043fb8d-c58b-4ff0-ab58-12788ccfb2cc', '80b3e0a5-0477-4f35-b250-2ee1b0de75d3', 1, TRUE),
('0a21cc51-835e-4f7a-b1ee-fa4a22aba6a5', '0043fb8d-c58b-4ff0-ab58-12788ccfb2cc', 'b9fe66ee-a2b7-48af-88d3-5157422a7f2a', 1, TRUE),
('f707d7c0-92f5-4aa2-ba93-ec0a3afa29cb', '0020e247-f8c2-4593-b51a-12857f494657', 'fa9da06f-266d-49bf-86b4-ea31f006c24c', 1, TRUE),
('c438550d-dcaf-4cba-a974-ca1672c1b07d', '0020e247-f8c2-4593-b51a-12857f494657', '3d2d6c8a-1e51-4ede-9ae9-d5a249efe2c7', 1, TRUE),
('b69c3634-0441-4756-b493-8761c5f0c0cd', 'd10b777b-eacb-4d45-bbe2-9e6d866bd992', 'fa9da06f-266d-49bf-86b4-ea31f006c24c', 1, TRUE),
('e28a9c76-d6b4-4a24-918e-b7d18567d320', 'd10b777b-eacb-4d45-bbe2-9e6d866bd992', 'd2c5e874-09e6-4196-b268-c732d7dda1d2', 1, TRUE),
('0fc35202-f9a2-4727-ab70-dce698e1588b', 'bcecc78d-d462-4032-bf72-1924458deaa9', '80b3e0a5-0477-4f35-b250-2ee1b0de75d3', 1, TRUE),
('759d9c16-e250-47a3-8975-fab36814660b', 'bcecc78d-d462-4032-bf72-1924458deaa9', '573b67be-ffef-496d-b1f2-d1993adf9f13', 1, TRUE),
('615208fb-01d0-48bb-ab1b-51c9629ad955', 'a9477413-93c2-46e4-ac77-4bfceae67c65', '80b3e0a5-0477-4f35-b250-2ee1b0de75d3', 1, TRUE),
('9fe30f0a-497e-4a85-a850-71174bf140f7', 'a9477413-93c2-46e4-ac77-4bfceae67c65', '610a9cc1-9e19-4941-9e58-fc66d6162578', 1, TRUE),
('6e565b9e-2521-44f9-a796-ea256e4cd733', '4d5753f8-37b5-40bf-8d8b-edcf789f2e95', '80b3e0a5-0477-4f35-b250-2ee1b0de75d3', 1, TRUE),
('625ff3eb-c0ca-48b9-889b-2aff92bb4cd7', '4d5753f8-37b5-40bf-8d8b-edcf789f2e95', '573b67be-ffef-496d-b1f2-d1993adf9f13', 1, TRUE),
('ce60c8f8-0046-48e9-95f5-19cd45669e1c', 'e52a2f58-aa28-41e0-b439-533d96058364', '80b3e0a5-0477-4f35-b250-2ee1b0de75d3', 1, TRUE),
('d24219d8-7a5d-4b52-9096-e8bb70d14f98', 'e52a2f58-aa28-41e0-b439-533d96058364', '38bc3029-a379-4ec3-b0a8-d8d0a8bd5fcd', 1, TRUE),
('eea94c1a-036e-4d1b-9af2-4a9f4d12c619', '7dd3a300-5960-41ae-9858-1716ab889704', '80b3e0a5-0477-4f35-b250-2ee1b0de75d3', 1, TRUE),
('02e82559-1d83-4b96-beb9-eb26cba04b75', '7dd3a300-5960-41ae-9858-1716ab889704', '38bc3029-a379-4ec3-b0a8-d8d0a8bd5fcd', 1, TRUE),
('21ff249d-b748-4ea7-9351-7185953cd934', '675a80e3-5a6c-42cb-b64f-6bb023dc421f', '80b3e0a5-0477-4f35-b250-2ee1b0de75d3', 1, TRUE),
('69dd3e0b-d1fd-4f1f-87e4-bc832879447f', '675a80e3-5a6c-42cb-b64f-6bb023dc421f', '8c4d3cbb-479d-46af-8438-0f909c911b6d', 1, TRUE),
('4649866d-cb40-45f6-93d9-eb165748cebb', '8909d9ed-7037-4cbf-9bf9-b3c78e5c64ed', '80b3e0a5-0477-4f35-b250-2ee1b0de75d3', 1, TRUE),
('1ca1316f-e874-40f9-a8a9-4052c82c0d09', '8909d9ed-7037-4cbf-9bf9-b3c78e5c64ed', '610a9cc1-9e19-4941-9e58-fc66d6162578', 1, TRUE),
('ec85f3ed-0a9f-48c7-a3fc-199b7e23c441', 'bd2c018e-21a6-4d28-80e9-59fb44bb5027', '80b3e0a5-0477-4f35-b250-2ee1b0de75d3', 0.5, TRUE),
('9f377539-8886-439d-b54c-e7215f686425', 'bd2c018e-21a6-4d28-80e9-59fb44bb5027', '5a06f537-0c65-44b5-b3e8-d8c47482c00c', 1, TRUE),
('1e5aa07f-8824-4c1b-8147-2f27edba642a', '0e92340b-a51a-419e-84a2-7b3e4016075e', '80b3e0a5-0477-4f35-b250-2ee1b0de75d3', 1, TRUE),
('751e845b-1052-4324-b563-fe777cc36444', '0e92340b-a51a-419e-84a2-7b3e4016075e', '40228b33-dbbf-4d92-8dd6-567ca22ba61d', 1, TRUE),
('5d3615bb-fca6-483c-acef-de04cabac076', 'd0241f97-2e51-48a7-93a1-8aa8750baa21', '5ba10e13-d342-4262-a391-9b9aa95332cd', 0.5, TRUE),
('9409dbdf-4511-41fd-b15b-643e6de6ac5d', 'd0241f97-2e51-48a7-93a1-8aa8750baa21', 'd2c5e874-09e6-4196-b268-c732d7dda1d2', 1, TRUE),
('a0e8650c-58e7-4022-8764-b503ca056ebe', 'e2a4249f-7315-44d8-9148-49786d3f4fac', '80b3e0a5-0477-4f35-b250-2ee1b0de75d3', 1, TRUE),
('3081f0a7-5681-4e91-aceb-d9d951013f67', 'e2a4249f-7315-44d8-9148-49786d3f4fac', '573b67be-ffef-496d-b1f2-d1993adf9f13', 1, TRUE),
('dd03810c-d02c-4d7a-b70a-7ab61cdbff57', '3958aa5c-1f49-42c7-8a26-3e88d6394ec1', '80b3e0a5-0477-4f35-b250-2ee1b0de75d3', 1, TRUE),
('f1a5e524-5fa9-4197-95ef-9135452786ac', '3958aa5c-1f49-42c7-8a26-3e88d6394ec1', '206394f1-df43-4931-bb67-25e03b48885a', 1, TRUE),
('b49e7489-d97d-4401-8953-1c8788ccd557', '016ca55f-d690-4692-bb40-0db88b0a7370', '80b3e0a5-0477-4f35-b250-2ee1b0de75d3', 1, TRUE),
('7f8a8fbd-781c-4163-8812-7838a24f2256', '016ca55f-d690-4692-bb40-0db88b0a7370', '206394f1-df43-4931-bb67-25e03b48885a', 1, TRUE),
('c25e0bd9-4147-4922-a0e0-a1304cedc272', '5f7b577c-ed15-4c1e-9d2c-88fba00c2635', '5ba10e13-d342-4262-a391-9b9aa95332cd', 0.5, TRUE),
('6b64073b-ee69-4fce-b907-8fb611b27175', '5f7b577c-ed15-4c1e-9d2c-88fba00c2635', 'c7b5d442-2914-44ca-9d9e-aeceaae6b2fe', 1, TRUE),
('cca662f8-f10d-4536-9bf4-6b3bcfc18073', 'e605fb1c-bbd0-458b-82f4-3dda29860127', '5ba10e13-d342-4262-a391-9b9aa95332cd', 0.5, TRUE),
('7a9101d4-71bd-4093-871c-2061421706ff', 'e605fb1c-bbd0-458b-82f4-3dda29860127', 'd2c5e874-09e6-4196-b268-c732d7dda1d2', 1, TRUE),
('ec39aefa-aa5f-4626-b2cc-b86ae2195671', 'a0a2ced7-4318-4e17-a6d2-088954f22d5e', '80b3e0a5-0477-4f35-b250-2ee1b0de75d3', 1, TRUE),
('61da7076-1d80-4b27-93c2-8680fc4bedd6', 'a0a2ced7-4318-4e17-a6d2-088954f22d5e', '40228b33-dbbf-4d92-8dd6-567ca22ba61d', 1, TRUE),
('6c6599bd-1749-4093-9e1a-7a82aae66039', '0069302a-d2b4-4aa3-aca6-bf77a1fa04e2', '80b3e0a5-0477-4f35-b250-2ee1b0de75d3', 1, TRUE),
('158aa5c8-f2d8-4421-a9ca-70059790b540', '0069302a-d2b4-4aa3-aca6-bf77a1fa04e2', '38bc3029-a379-4ec3-b0a8-d8d0a8bd5fcd', 1, TRUE),
('c180cf61-4a74-4c7f-b1a2-682658dab38b', 'fd284e79-8413-4f2e-8572-5cdbab08053d', '80b3e0a5-0477-4f35-b250-2ee1b0de75d3', 1, TRUE),
('c0931c1b-96f2-4054-8c40-f51522bec7f8', 'fd284e79-8413-4f2e-8572-5cdbab08053d', '38bc3029-a379-4ec3-b0a8-d8d0a8bd5fcd', 1, TRUE),
('8a40039e-6507-417c-9d4f-0a7da58e19fe', 'a0541939-2b29-46bc-9445-b063be6400d3', '80b3e0a5-0477-4f35-b250-2ee1b0de75d3', 1, TRUE),
('6df5a279-ee75-49a2-80c1-011bdf1517ad', 'a0541939-2b29-46bc-9445-b063be6400d3', '610a9cc1-9e19-4941-9e58-fc66d6162578', 1, TRUE),
('f138cdc9-7ad0-4c7f-acc8-785d4b7dae2c', '3d0dad4c-494b-41f6-84c3-aef91e5b200f', '80b3e0a5-0477-4f35-b250-2ee1b0de75d3', 1, TRUE),
('35fd80bf-d3da-49e4-930b-a85fda085f87', '3d0dad4c-494b-41f6-84c3-aef91e5b200f', '38bc3029-a379-4ec3-b0a8-d8d0a8bd5fcd', 1, TRUE),
('1f9df15e-9a8d-4bd8-a768-68bcd2151bd3', 'ed2aac2c-3231-49ec-b8b9-5a9c9df074c5', '80b3e0a5-0477-4f35-b250-2ee1b0de75d3', 1, TRUE),
('5fdaee96-34f9-47a0-9e26-f30502c97418', 'ed2aac2c-3231-49ec-b8b9-5a9c9df074c5', '38bc3029-a379-4ec3-b0a8-d8d0a8bd5fcd', 1, TRUE),
('e111bf3a-dcf2-400d-bb59-78e572b8ffb8', 'a90fea06-17ab-42dd-900b-77a6a1233e7d', '80b3e0a5-0477-4f35-b250-2ee1b0de75d3', 1, TRUE),
('8bac7c8c-1fb2-42e1-8ae0-ca29474e1788', 'a90fea06-17ab-42dd-900b-77a6a1233e7d', '206394f1-df43-4931-bb67-25e03b48885a', 1, TRUE),
('cc8e6058-6c55-49a5-9ee1-b9edd65e85db', '26eac404-c73f-4fcb-a42c-00c56aa202f5', '80b3e0a5-0477-4f35-b250-2ee1b0de75d3', 1, TRUE),
('f49ed824-ac61-4d75-bd5a-2af62c7af082', '26eac404-c73f-4fcb-a42c-00c56aa202f5', '206394f1-df43-4931-bb67-25e03b48885a', 1, TRUE),
('29a30446-17f6-4e95-84fc-62c3c62cee61', 'a2b851e9-0b07-4920-abca-7c11c09b9287', '80b3e0a5-0477-4f35-b250-2ee1b0de75d3', 1, TRUE),
('c2f40b76-2c6b-48bd-81b7-1d92c48b3012', 'a2b851e9-0b07-4920-abca-7c11c09b9287', '38bc3029-a379-4ec3-b0a8-d8d0a8bd5fcd', 1, TRUE),
('6bf8922b-b949-45e3-a67e-6f6091c30304', '90223a1c-c613-43b2-a66c-d239f863e6d5', '80b3e0a5-0477-4f35-b250-2ee1b0de75d3', 1, TRUE),
('02048da2-d10a-433a-a364-57857a8c1fb5', '90223a1c-c613-43b2-a66c-d239f863e6d5', '573b67be-ffef-496d-b1f2-d1993adf9f13', 1, TRUE),
('a56eaae1-8d60-4e88-8e5a-607cb43003a9', 'ed5eba22-3143-4077-9cfa-e7994e4041af', '80b3e0a5-0477-4f35-b250-2ee1b0de75d3', 0.5, TRUE),
('d4674dbd-e4b7-406a-8938-09de75a2165c', 'ed5eba22-3143-4077-9cfa-e7994e4041af', '8c4d3cbb-479d-46af-8438-0f909c911b6d', 1, TRUE),
('46cd0368-8502-456f-98ab-19ba631b9ce1', '9e49722b-b5e5-4543-ae3a-ff09912e8542', '80b3e0a5-0477-4f35-b250-2ee1b0de75d3', 1, TRUE),
('9caa2b13-355e-4121-9cc9-2d5669c090a8', '9e49722b-b5e5-4543-ae3a-ff09912e8542', '206394f1-df43-4931-bb67-25e03b48885a', 1, TRUE),
('d9a6a5c5-905d-45a5-8dfc-6069f26c6c26', '75aeb5ac-e53b-44f0-ba5c-1c3024d8e3e8', '80b3e0a5-0477-4f35-b250-2ee1b0de75d3', 1, TRUE),
('f897ec46-0ee1-4b83-880f-875e5ab90407', '75aeb5ac-e53b-44f0-ba5c-1c3024d8e3e8', '206394f1-df43-4931-bb67-25e03b48885a', 1, TRUE),
('ebc98b3a-ba3a-44ba-acea-54ee03d33787', '3476c58b-afdd-4faf-afac-4144ef1dd730', '80b3e0a5-0477-4f35-b250-2ee1b0de75d3', 1, TRUE),
('f7cd40a3-2182-449a-ae4b-a86d692fb3db', '3476c58b-afdd-4faf-afac-4144ef1dd730', '206394f1-df43-4931-bb67-25e03b48885a', 1, TRUE),
('4847edb9-b47b-41c0-90c3-24fbb0e81259', '4b8cfcf6-80e5-49b9-85ed-071d600c072a', '80b3e0a5-0477-4f35-b250-2ee1b0de75d3', 1, TRUE),
('d35cb046-b2f2-401a-9a7c-c3ed453235a5', '4b8cfcf6-80e5-49b9-85ed-071d600c072a', '40228b33-dbbf-4d92-8dd6-567ca22ba61d', 1, TRUE),
('d428776b-e336-4e59-846f-26b47c92dced', '9b9b7fa8-163f-415f-bd5b-9580d0aacccb', '80b3e0a5-0477-4f35-b250-2ee1b0de75d3', 1, TRUE),
('0f8ad231-e875-4d6d-8503-f887c73f186f', '9b9b7fa8-163f-415f-bd5b-9580d0aacccb', 'b9fe66ee-a2b7-48af-88d3-5157422a7f2a', 1, TRUE),
('9af7af1d-bc9f-49a7-a49f-cce66e163fe8', '96b17bc8-8fa0-488e-b64b-0890344becde', '80b3e0a5-0477-4f35-b250-2ee1b0de75d3', 1, TRUE),
('6deb21ef-df25-49de-86eb-208ea3bdcbce', '96b17bc8-8fa0-488e-b64b-0890344becde', '573b67be-ffef-496d-b1f2-d1993adf9f13', 1, TRUE),
('9e5cfbf0-6b2f-4825-93cc-2365a411c7bf', 'b662baaf-52f8-4143-beff-93494ac47bd0', '80b3e0a5-0477-4f35-b250-2ee1b0de75d3', 0.5, TRUE),
('be1dd8a7-6ec9-48a2-9656-f704213b2926', 'b662baaf-52f8-4143-beff-93494ac47bd0', '8c4d3cbb-479d-46af-8438-0f909c911b6d', 1, TRUE),
('6c4ca822-f7d1-433a-b5ab-7d15272bec4f', 'adfd8d0f-ec7c-47e6-aa98-77f81d5fd824', '80b3e0a5-0477-4f35-b250-2ee1b0de75d3', 1, TRUE),
('d7163d22-4bae-4819-b83d-4692539c8325', 'adfd8d0f-ec7c-47e6-aa98-77f81d5fd824', '206394f1-df43-4931-bb67-25e03b48885a', 1, TRUE),
('9d71d753-b904-4bd2-a8ed-b6e71e513ac6', '3eb0abc7-3f10-4bfa-b7f9-918532d602a3', '5ba10e13-d342-4262-a391-9b9aa95332cd', 0.5, TRUE),
('f0f09fd6-e1e7-40fe-b544-ecd9d79a4ed0', '3eb0abc7-3f10-4bfa-b7f9-918532d602a3', 'd2c5e874-09e6-4196-b268-c732d7dda1d2', 1, TRUE),
('1887b1a8-1bf3-4090-b53f-2f8af3c7b3e8', 'bd55dd87-b89e-4e70-9660-871d07fb4af6', '80b3e0a5-0477-4f35-b250-2ee1b0de75d3', 1, TRUE),
('a289c38a-1f3f-46f1-ab74-e9e984a9ef7e', 'bd55dd87-b89e-4e70-9660-871d07fb4af6', '573b67be-ffef-496d-b1f2-d1993adf9f13', 1, TRUE),
('9ec679e3-672b-41ac-bbef-7ce7a4f9d9c5', '436647b5-00ee-4c0a-9317-10417bc85557', '80b3e0a5-0477-4f35-b250-2ee1b0de75d3', 1, TRUE),
('e0c42b8a-7da2-4aba-b719-665e19c02043', '436647b5-00ee-4c0a-9317-10417bc85557', '206394f1-df43-4931-bb67-25e03b48885a', 1, TRUE),
('9f1199fe-972e-4528-8f49-3b738f72039a', '2360650e-9752-490d-b8d6-3ff562247aea', '5ba10e13-d342-4262-a391-9b9aa95332cd', 0.5, TRUE),
('61751642-4192-4042-97d0-71028b443085', '2360650e-9752-490d-b8d6-3ff562247aea', 'd2c5e874-09e6-4196-b268-c732d7dda1d2', 1, TRUE),
('36485571-937b-417c-a63b-52f6fd2231e5', 'f5d1cb1a-ab21-4534-ac5a-12e80203fffa', '80b3e0a5-0477-4f35-b250-2ee1b0de75d3', 1, TRUE),
('fdc9ae6b-5cbc-4e28-abb4-fc4f6d0f020e', 'f5d1cb1a-ab21-4534-ac5a-12e80203fffa', '8c4d3cbb-479d-46af-8438-0f909c911b6d', 1, TRUE),
('cd92b335-5ace-4ced-b629-6df7baae0b9a', 'f5d1cb1a-ab21-4534-ac5a-12e80203fffa', 'b9fe66ee-a2b7-48af-88d3-5157422a7f2a', 1, TRUE),
('97ca4219-e5ff-49ea-9bb6-85578730eeab', 'c7d15405-437b-4c4e-a312-8c30ca0d771d', '80b3e0a5-0477-4f35-b250-2ee1b0de75d3', 1, TRUE),
('906da708-3554-4ad8-b0d7-9487f6c82052', 'c7d15405-437b-4c4e-a312-8c30ca0d771d', '8c4d3cbb-479d-46af-8438-0f909c911b6d', 1, TRUE),
('b7bf713f-4a16-4720-82de-906701970aca', 'a2f747bd-b18d-461a-b474-48c4014a4028', '80b3e0a5-0477-4f35-b250-2ee1b0de75d3', 1, TRUE),
('83557f12-5b09-4ddf-bb13-61073c0f8e71', 'a2f747bd-b18d-461a-b474-48c4014a4028', '38bc3029-a379-4ec3-b0a8-d8d0a8bd5fcd', 1, TRUE),
('eaeadbad-edf0-4054-af69-cfe1d474cbbc', '7341e697-a8fa-40ea-87cd-53dde775a500', '5ba10e13-d342-4262-a391-9b9aa95332cd', 1, TRUE),
('0ce89f42-fd25-4e0f-8b3a-5a1a3e666286', '7341e697-a8fa-40ea-87cd-53dde775a500', 'c7b5d442-2914-44ca-9d9e-aeceaae6b2fe', 1, TRUE),
('f5847d64-7573-4caf-a964-58230e7a1ca7', '2c617173-6aa5-4cfb-8965-c4b4565f7170', '80b3e0a5-0477-4f35-b250-2ee1b0de75d3', 1, TRUE),
('e5f33683-92e8-4615-9cd0-75f734508dac', '2c617173-6aa5-4cfb-8965-c4b4565f7170', '573b67be-ffef-496d-b1f2-d1993adf9f13', 1, TRUE),
('5fec45b3-4cac-4468-a8ec-358528fc354c', '84a7b549-244d-462e-aa3f-e44121c827d3', '80b3e0a5-0477-4f35-b250-2ee1b0de75d3', 1, TRUE),
('50225cfc-e8b9-44bc-be31-542b27883f99', '84a7b549-244d-462e-aa3f-e44121c827d3', 'b9fe66ee-a2b7-48af-88d3-5157422a7f2a', 1, TRUE),
('846eefcb-1134-4a0b-9027-ac8842725f43', '442b0e0d-b86d-41a7-aa92-cec2a572d201', '80b3e0a5-0477-4f35-b250-2ee1b0de75d3', 1, TRUE),
('36cd3aad-303d-4bc1-b85c-98fd77230838', '442b0e0d-b86d-41a7-aa92-cec2a572d201', '40228b33-dbbf-4d92-8dd6-567ca22ba61d', 1, TRUE),
('2e5c91cd-657a-4800-8ab7-8089f4ba98cb', '30ce9e2e-f7aa-4314-8c15-2d5ef21ba504', '80b3e0a5-0477-4f35-b250-2ee1b0de75d3', 1, TRUE),
('985ea8e0-2533-466d-9c1f-449174f677c6', '30ce9e2e-f7aa-4314-8c15-2d5ef21ba504', '38bc3029-a379-4ec3-b0a8-d8d0a8bd5fcd', 1, TRUE),
('905f51bd-f578-4dab-a8ed-c7d46d37a177', '53f5351f-032b-4ce3-aa5d-99b86c680a4f', '80b3e0a5-0477-4f35-b250-2ee1b0de75d3', 1, TRUE),
('c3c0d599-4e3d-4ff6-a4b2-c6d9f47b51ab', '53f5351f-032b-4ce3-aa5d-99b86c680a4f', '8c4d3cbb-479d-46af-8438-0f909c911b6d', 1, TRUE),
('55276688-2e24-4c16-a778-88c9813b0890', '14e6c11e-9d97-457b-9048-e89c251aed12', '80b3e0a5-0477-4f35-b250-2ee1b0de75d3', 1, TRUE),
('ac5b14d2-9ee4-4777-b152-14ccb54a55e9', '14e6c11e-9d97-457b-9048-e89c251aed12', '38bc3029-a379-4ec3-b0a8-d8d0a8bd5fcd', 1, TRUE),
('a90810bd-2083-4b9a-be8a-bc22a47372d1', 'cefac3be-5cb8-47f8-840e-3c2c0699daf4', '80b3e0a5-0477-4f35-b250-2ee1b0de75d3', 1, TRUE),
('7d918e4d-09b8-4149-9e78-5ad959ab6462', 'cefac3be-5cb8-47f8-840e-3c2c0699daf4', '40228b33-dbbf-4d92-8dd6-567ca22ba61d', 1, TRUE),
('e0abd376-921f-46e2-a3ce-c230cb1e7572', '232cbb4d-51e6-4b6c-88f0-84c5fbfe54aa', '5ba10e13-d342-4262-a391-9b9aa95332cd', 0.5, TRUE),
('5e8a0070-4ca4-4c45-bb06-bb25b3305571', '232cbb4d-51e6-4b6c-88f0-84c5fbfe54aa', '44c5807e-04d9-4702-86b6-0d1f0287df03', 1, TRUE),
('882ee9eb-ce03-4221-a265-682913984eb1', '0ab78baa-af45-4330-9437-112bb55b6668', '5ba10e13-d342-4262-a391-9b9aa95332cd', 1, TRUE),
('71d14a54-5475-4b86-8a59-e914bbe92f1e', '0ab78baa-af45-4330-9437-112bb55b6668', '44c5807e-04d9-4702-86b6-0d1f0287df03', 1, TRUE),
('50c9b9e1-46ad-4104-8e02-5fb1d8a899b9', 'a3185ef4-2c07-41d3-a26f-e7cf3394ec6f', '80b3e0a5-0477-4f35-b250-2ee1b0de75d3', 1, TRUE),
('1b8609c8-02fe-4632-a837-cc62b958a565', 'a3185ef4-2c07-41d3-a26f-e7cf3394ec6f', 'b9fe66ee-a2b7-48af-88d3-5157422a7f2a', 1, TRUE),
('c38a98a9-56f6-4b46-b957-457e1ff26dd2', '9c7162e8-65b3-4edb-aef3-87e419939816', '80b3e0a5-0477-4f35-b250-2ee1b0de75d3', 0.5, TRUE),
('19726e76-3a04-4820-88d8-e00fc112aadb', '9c7162e8-65b3-4edb-aef3-87e419939816', '8c4d3cbb-479d-46af-8438-0f909c911b6d', 1, TRUE),
('913b00d5-346f-4615-8185-7bd7618262e2', 'b6432b03-1da1-403a-b12e-53f1429d19c5', '80b3e0a5-0477-4f35-b250-2ee1b0de75d3', 1, TRUE),
('5da57e0f-463f-4fe8-9f68-47af06db77e8', 'b6432b03-1da1-403a-b12e-53f1429d19c5', '8c4d3cbb-479d-46af-8438-0f909c911b6d', 1, TRUE),
('3d63bbc9-98ff-47c2-bbff-1bc64ff7de55', '3b36cd32-f49d-4cc8-93c6-3740de4d0527', '80b3e0a5-0477-4f35-b250-2ee1b0de75d3', 1, TRUE),
('8a9af499-b099-4d3e-adf9-0275176f4ef4', '3b36cd32-f49d-4cc8-93c6-3740de4d0527', '206394f1-df43-4931-bb67-25e03b48885a', 1, TRUE),
('357ba594-6dcf-4265-8144-936ce73dc4fb', '9cafa497-12ba-48e8-9217-98e1efd7ca54', '80b3e0a5-0477-4f35-b250-2ee1b0de75d3', 1, TRUE),
('f1951ac4-2baf-47f5-891f-f2c87a5db1d7', '9cafa497-12ba-48e8-9217-98e1efd7ca54', '40228b33-dbbf-4d92-8dd6-567ca22ba61d', 1, TRUE),
('ecdb2889-10fc-4c72-91d9-f12622ec1f48', '6892fcb9-2c9b-48e8-8b4f-1ad334dec4d3', '80b3e0a5-0477-4f35-b250-2ee1b0de75d3', 1, TRUE),
('2f161eaa-c1e2-4c8e-9031-3e334f095abe', '6892fcb9-2c9b-48e8-8b4f-1ad334dec4d3', '610a9cc1-9e19-4941-9e58-fc66d6162578', 1, TRUE),
('ee04dbe0-8299-4257-b03d-2dbf8adf605c', '75d6096c-8acf-4cc3-a959-c5838d7eec80', '80b3e0a5-0477-4f35-b250-2ee1b0de75d3', 1, TRUE),
('3a7f65b2-51e2-45db-a25e-6cd14afd95f7', '75d6096c-8acf-4cc3-a959-c5838d7eec80', '40228b33-dbbf-4d92-8dd6-567ca22ba61d', 1, TRUE),
('efbef279-b480-4e4b-ac0c-c60e0c4bcebd', '22efb6c9-d052-4ac7-a20a-b0a79f32e568', '80b3e0a5-0477-4f35-b250-2ee1b0de75d3', 1, TRUE),
('d67a62ec-c3d0-402a-899b-7b659c59ffd4', '22efb6c9-d052-4ac7-a20a-b0a79f32e568', '8c4d3cbb-479d-46af-8438-0f909c911b6d', 1, TRUE),
('264f8664-22f5-4d3c-9f24-56d18db0d170', '411822c1-1946-4f4a-9e13-dcbd2b1cc766', '80b3e0a5-0477-4f35-b250-2ee1b0de75d3', 1, TRUE),
('3e762e1a-156b-4cb6-ad0e-ed2d1237396b', '411822c1-1946-4f4a-9e13-dcbd2b1cc766', '40228b33-dbbf-4d92-8dd6-567ca22ba61d', 1, TRUE),
('e0675c84-d242-4639-b9c0-3fb8a1dd9276', '9f41f13d-6e3e-4269-bf74-ab9f8b19b621', '80b3e0a5-0477-4f35-b250-2ee1b0de75d3', 1, TRUE),
('6ba927c6-6638-45cd-b2ee-56458d30bafe', '9f41f13d-6e3e-4269-bf74-ab9f8b19b621', '38bc3029-a379-4ec3-b0a8-d8d0a8bd5fcd', 1, TRUE),
('87184515-9c32-437e-8ce2-761ccbaa9009', '3451b616-0494-4b9d-b770-734e1ec66ba4', '80b3e0a5-0477-4f35-b250-2ee1b0de75d3', 1, TRUE),
('ab648736-971a-4cfd-b390-80d26f55f25d', '3451b616-0494-4b9d-b770-734e1ec66ba4', '38bc3029-a379-4ec3-b0a8-d8d0a8bd5fcd', 1, TRUE),
('0a586cf6-6a55-4359-a92a-83f711c4181f', '46328b23-f9aa-4e24-9e85-92ceeb32aede', '80b3e0a5-0477-4f35-b250-2ee1b0de75d3', 1, TRUE),
('d56ac809-d103-4a7c-b019-006d7913eba9', '46328b23-f9aa-4e24-9e85-92ceeb32aede', '206394f1-df43-4931-bb67-25e03b48885a', 1, TRUE),
('5fd540a3-31eb-4f37-bedd-6977661c5ded', '3031f3da-77a3-48b6-8b08-5af936f9990b', '80b3e0a5-0477-4f35-b250-2ee1b0de75d3', 1, TRUE),
('004b96d9-d1da-43c2-9864-08965ed641b9', '3031f3da-77a3-48b6-8b08-5af936f9990b', '610a9cc1-9e19-4941-9e58-fc66d6162578', 1, TRUE),
('99553f1b-3a4e-4c30-abb7-59324d1ce21c', 'a8fef721-3dd9-4eca-b753-8777a1487846', '80b3e0a5-0477-4f35-b250-2ee1b0de75d3', 1, TRUE),
('e672e31a-4401-45f8-bbab-6023b0f1098e', 'a8fef721-3dd9-4eca-b753-8777a1487846', '573b67be-ffef-496d-b1f2-d1993adf9f13', 1, TRUE),
('1150c2f1-5d32-47b9-9175-a703a93c497f', 'daa52d58-0a96-4ba3-9d01-a12853bf47f3', 'fa9da06f-266d-49bf-86b4-ea31f006c24c', 1, TRUE),
('7c5ed3e0-02ce-4a7f-9553-6e2b7598127a', 'daa52d58-0a96-4ba3-9d01-a12853bf47f3', '44c5807e-04d9-4702-86b6-0d1f0287df03', 1, TRUE),
('a0f3673f-945f-43e7-87bb-9b06f6aca712', '8697ab52-f056-478e-af69-344e22a98291', '80b3e0a5-0477-4f35-b250-2ee1b0de75d3', 1, TRUE),
('17e60d2d-3784-43ce-a47b-28939c270784', '8697ab52-f056-478e-af69-344e22a98291', 'b9fe66ee-a2b7-48af-88d3-5157422a7f2a', 1, TRUE),
('028937c9-8b4f-4141-b600-0e1500c5c55d', '2b405ebb-4020-4331-a2b4-44056c074f44', '80b3e0a5-0477-4f35-b250-2ee1b0de75d3', 1, TRUE),
('f4810b5c-2c0a-4b6f-8423-34c25374a4a3', '2b405ebb-4020-4331-a2b4-44056c074f44', '206394f1-df43-4931-bb67-25e03b48885a', 1, TRUE),
('dd612809-89e0-4dbe-95ee-817366ae0cf0', 'aa340d32-087c-48fc-af69-90b663be7414', '80b3e0a5-0477-4f35-b250-2ee1b0de75d3', 1, TRUE),
('f71e7667-e00b-4664-af31-7a0e8cb513a8', 'aa340d32-087c-48fc-af69-90b663be7414', '38bc3029-a379-4ec3-b0a8-d8d0a8bd5fcd', 1, TRUE),
('1caf4500-31dd-4e07-850c-3e9aa7afc921', 'b0a708fe-f12f-4973-9e4b-4fd1330d2839', '80b3e0a5-0477-4f35-b250-2ee1b0de75d3', 1, TRUE),
('df8d7f12-8685-4a4c-89d6-ca5cdc5fea38', 'b0a708fe-f12f-4973-9e4b-4fd1330d2839', '40228b33-dbbf-4d92-8dd6-567ca22ba61d', 1, TRUE),
('becbbf0b-f923-45d3-bde5-fd9f4ecc071a', '088e4db4-375d-4de7-b4ae-b8b62d942541', '80b3e0a5-0477-4f35-b250-2ee1b0de75d3', 1, TRUE),
('89d2603f-1874-448a-b3bb-662d6fee1e19', '088e4db4-375d-4de7-b4ae-b8b62d942541', '610a9cc1-9e19-4941-9e58-fc66d6162578', 1, TRUE),
('5f7b109c-d026-455c-9820-083e6bc7300b', '83b42799-9c68-4ac3-9bcd-86303b88ebcb', '80b3e0a5-0477-4f35-b250-2ee1b0de75d3', 1, TRUE),
('fb904888-8a3e-4b06-8fba-398e64cf83ac', '83b42799-9c68-4ac3-9bcd-86303b88ebcb', '573b67be-ffef-496d-b1f2-d1993adf9f13', 1, TRUE),
('00dfa6be-1f15-430e-890f-55543e748d25', 'caf518f1-6a39-4db4-852d-a6818f129f9b', '80b3e0a5-0477-4f35-b250-2ee1b0de75d3', 1, TRUE),
('b0105090-8ac8-4569-9cfd-5b038dabd489', 'caf518f1-6a39-4db4-852d-a6818f129f9b', '8c4d3cbb-479d-46af-8438-0f909c911b6d', 1, TRUE),
('73cb5725-f4ee-4738-afd8-7fc573935b9b', '8209af60-3cc1-495c-9216-b799fda9bdb3', '80b3e0a5-0477-4f35-b250-2ee1b0de75d3', 1, TRUE),
('6972ed9d-eab2-47bc-9e23-10fa4caee0e7', '8209af60-3cc1-495c-9216-b799fda9bdb3', '8c4d3cbb-479d-46af-8438-0f909c911b6d', 1, TRUE),
('7ee9392b-efb1-4c46-b77b-4d2e1500a1eb', '30e7b3ea-f762-4d2f-ad85-46a7b71f3058', '80b3e0a5-0477-4f35-b250-2ee1b0de75d3', 1, TRUE),
('b9dc56e5-aed7-4765-aa73-2853facd671d', '30e7b3ea-f762-4d2f-ad85-46a7b71f3058', '610a9cc1-9e19-4941-9e58-fc66d6162578', 1, TRUE),
('e85650c2-53e2-4b61-95ca-49e294f6d644', '736ffdf0-5571-41c6-9dd3-8c8b3c7d1f56', '80b3e0a5-0477-4f35-b250-2ee1b0de75d3', 1, TRUE),
('7d563ddc-eb73-4b24-af97-c0011ddbbfd3', '736ffdf0-5571-41c6-9dd3-8c8b3c7d1f56', '573b67be-ffef-496d-b1f2-d1993adf9f13', 1, TRUE),
('a0853803-aa7d-4976-81d3-ca65af3f20b8', '8a72fb1f-cddd-4c85-af7c-143d8d2fdb29', '80b3e0a5-0477-4f35-b250-2ee1b0de75d3', 1, TRUE),
('66975d13-e189-410d-9365-2bb8798203db', '8a72fb1f-cddd-4c85-af7c-143d8d2fdb29', '40228b33-dbbf-4d92-8dd6-567ca22ba61d', 1, TRUE),
('84474ec9-71fc-41e4-948b-0d40dfc9363f', '6974ba02-4506-42ac-9c0b-a4690b23ac8e', '80b3e0a5-0477-4f35-b250-2ee1b0de75d3', 1, TRUE),
('3b062aa0-f8f7-4043-93c2-0aa2bb81db5d', '6974ba02-4506-42ac-9c0b-a4690b23ac8e', '40228b33-dbbf-4d92-8dd6-567ca22ba61d', 1, TRUE),
('ccc52580-3f71-4127-8d69-f65f669b9f66', 'd217580b-8826-4853-b7cf-dc0c7e15c61c', '80b3e0a5-0477-4f35-b250-2ee1b0de75d3', 1, TRUE),
('4302a4b8-5ea9-476d-8839-1927de82aac0', 'd217580b-8826-4853-b7cf-dc0c7e15c61c', '40228b33-dbbf-4d92-8dd6-567ca22ba61d', 1, TRUE),
('d14eeaae-2c3a-4add-89f3-cab90f7b2d66', '89297845-a064-4b07-9dab-6de682ade447', '80b3e0a5-0477-4f35-b250-2ee1b0de75d3', 1, TRUE),
('1e35ac92-0e4c-43bb-8f26-8b2670ea4d84', '89297845-a064-4b07-9dab-6de682ade447', '38bc3029-a379-4ec3-b0a8-d8d0a8bd5fcd', 1, TRUE),
('ee6497e9-039b-45cb-a95e-6ca0049549c8', '50f9f8c7-c74d-4528-bfb4-b73f248b8ded', '80b3e0a5-0477-4f35-b250-2ee1b0de75d3', 1, TRUE),
('a7c9db14-f3e1-4390-bd33-26e4fe9bffb3', '50f9f8c7-c74d-4528-bfb4-b73f248b8ded', '40228b33-dbbf-4d92-8dd6-567ca22ba61d', 1, TRUE),
('86b497a7-9eeb-4160-95f4-cd9a2791263b', '0f0a607d-8c71-4b07-865d-1bbd15c2ce97', '80b3e0a5-0477-4f35-b250-2ee1b0de75d3', 1, TRUE),
('570c6389-19cf-4f89-a589-d7ce3edfdfb9', '0f0a607d-8c71-4b07-865d-1bbd15c2ce97', '38bc3029-a379-4ec3-b0a8-d8d0a8bd5fcd', 1, TRUE),
('c74f5af1-f6cc-4830-a4bb-4b7cd72c067b', 'dce2968d-d934-4ef7-b4d1-bfbccbabd874', '80b3e0a5-0477-4f35-b250-2ee1b0de75d3', 1, TRUE),
('ebaffcaa-3e21-481d-b9c5-2f5dba97009e', 'dce2968d-d934-4ef7-b4d1-bfbccbabd874', '40228b33-dbbf-4d92-8dd6-567ca22ba61d', 1, TRUE),
('6df5392b-d941-4b52-bc02-d9c85dc780d8', '49fbca5d-ff60-4e44-8734-41f9cea99ff0', '80b3e0a5-0477-4f35-b250-2ee1b0de75d3', 1, TRUE),
('303c7555-667d-4457-99e3-4c4d1c676081', '49fbca5d-ff60-4e44-8734-41f9cea99ff0', '40228b33-dbbf-4d92-8dd6-567ca22ba61d', 1, TRUE),
('ade16316-f319-4a44-8cb1-ea06632f858c', '75798ac4-0722-4b5d-9882-d2d8039d0fbc', '80b3e0a5-0477-4f35-b250-2ee1b0de75d3', 1, TRUE),
('22d59b66-2aa3-4d83-8b91-a1f6aba593de', '75798ac4-0722-4b5d-9882-d2d8039d0fbc', '610a9cc1-9e19-4941-9e58-fc66d6162578', 1, TRUE),
('9c8ec199-4c3a-4c06-bcba-3258ddd4dca3', '5cef2e49-7b2d-4b18-be0e-342442bd280b', '80b3e0a5-0477-4f35-b250-2ee1b0de75d3', 0.5, TRUE),
('c36a6cef-492c-4ffb-989d-12b497514e51', '5cef2e49-7b2d-4b18-be0e-342442bd280b', '5a06f537-0c65-44b5-b3e8-d8c47482c00c', 1, TRUE),
('0a83788b-1b6e-466e-ae97-3dd5aec5a689', '73e12069-f6d7-4f4a-8c6e-837ea6d68daa', '80b3e0a5-0477-4f35-b250-2ee1b0de75d3', 1, TRUE),
('be42ffd7-1cbb-40f6-8567-264dc98eb986', '73e12069-f6d7-4f4a-8c6e-837ea6d68daa', '610a9cc1-9e19-4941-9e58-fc66d6162578', 1, TRUE),
('3e781cce-f9ba-4966-b60e-1e598d78627e', '8bcfc63d-9854-4599-ab6e-10288dff7ad2', '80b3e0a5-0477-4f35-b250-2ee1b0de75d3', 1, TRUE),
('c4f9066c-0bd6-44ac-92da-53692393c862', '8bcfc63d-9854-4599-ab6e-10288dff7ad2', '8c4d3cbb-479d-46af-8438-0f909c911b6d', 1, TRUE),
('8e16d0c3-0a05-4423-b2b9-1884c1b4e045', 'e138fb2a-b89b-4172-bc56-738ff61a46b0', '80b3e0a5-0477-4f35-b250-2ee1b0de75d3', 1, TRUE),
('6a09e8c2-f80d-4c7b-bdef-479103007793', 'e138fb2a-b89b-4172-bc56-738ff61a46b0', '206394f1-df43-4931-bb67-25e03b48885a', 1, TRUE),
('ed57a0a7-ba90-43b0-9e32-83bee5efb10f', 'e2abdc80-9f98-466e-8038-e5c5a804e96b', '5ba10e13-d342-4262-a391-9b9aa95332cd', 0.5, TRUE),
('370e6477-d2c6-4c61-b3b7-24963c0ccca0', 'e2abdc80-9f98-466e-8038-e5c5a804e96b', 'd2c5e874-09e6-4196-b268-c732d7dda1d2', 1, TRUE),
('63672549-bb63-492a-87b1-20ff87397bf8', '3c79d70d-bbe8-4442-9678-20aa1946d2c8', 'fa9da06f-266d-49bf-86b4-ea31f006c24c', 1, TRUE),
('f0c2275c-df98-4037-881f-89b733cbb7ad', '3c79d70d-bbe8-4442-9678-20aa1946d2c8', '44c5807e-04d9-4702-86b6-0d1f0287df03', 1, TRUE),
('4e36add6-d734-421d-81cc-b006d12b0177', 'ace09ceb-153c-452d-acfb-5aaa0e4e0f5c', '5ba10e13-d342-4262-a391-9b9aa95332cd', 0.5, TRUE),
('f66b8ba9-a209-45dc-9ab9-2ff1a0a70976', 'ace09ceb-153c-452d-acfb-5aaa0e4e0f5c', 'd2c5e874-09e6-4196-b268-c732d7dda1d2', 1, TRUE),
('43eded88-8621-490e-9f8a-a036aa6fe2ea', '550dbd76-90e4-455e-8915-36a921aae1f8', '80b3e0a5-0477-4f35-b250-2ee1b0de75d3', 1, TRUE),
('691e5306-714a-4651-a9b2-0b9539fa4261', '550dbd76-90e4-455e-8915-36a921aae1f8', '610a9cc1-9e19-4941-9e58-fc66d6162578', 1, TRUE),
('9ed86290-b1e2-406e-8694-9c38da12c26f', 'c6f76eb5-fcf4-495c-b084-63ab1153c376', '80b3e0a5-0477-4f35-b250-2ee1b0de75d3', 1, TRUE),
('08a3347e-844a-4bd3-a7e1-178c22640666', 'c6f76eb5-fcf4-495c-b084-63ab1153c376', '206394f1-df43-4931-bb67-25e03b48885a', 1, TRUE),
('7d09b65c-2b1c-4ee8-abfc-8b204cdc88da', 'b00a63f2-327a-4684-a06d-08769ce8e7d5', '80b3e0a5-0477-4f35-b250-2ee1b0de75d3', 1, TRUE),
('62dd6474-46be-4a59-b359-a3c8347620dc', 'b00a63f2-327a-4684-a06d-08769ce8e7d5', '206394f1-df43-4931-bb67-25e03b48885a', 1, TRUE),
('f2e16776-e8fa-4fa8-ba3e-cb82530a9cdc', '37cf5ce0-258c-4719-b7bc-1a40f40d73ef', '5ba10e13-d342-4262-a391-9b9aa95332cd', 1, TRUE),
('4ed7d3ad-de85-44ce-ae26-da1c24be9b35', '37cf5ce0-258c-4719-b7bc-1a40f40d73ef', '6ff4dd7e-0d67-4bb5-9336-0c0f53cabf5c', 1, TRUE),
('4fc73163-4356-426a-bdb0-125e82a43432', 'a0d60216-999f-4b58-8be9-dbb920afeede', '80b3e0a5-0477-4f35-b250-2ee1b0de75d3', 1, TRUE),
('f8cb2841-17fd-4324-9614-719ce3a7f995', 'a0d60216-999f-4b58-8be9-dbb920afeede', '38bc3029-a379-4ec3-b0a8-d8d0a8bd5fcd', 1, TRUE),
('08ff7ed9-120d-4fa0-89d9-8b642a75efd8', '70835a40-80f3-46cd-96d8-901179bba14f', '80b3e0a5-0477-4f35-b250-2ee1b0de75d3', 1, TRUE),
('6bedf55e-9cfe-4080-bb2d-664a6218b10c', '70835a40-80f3-46cd-96d8-901179bba14f', '206394f1-df43-4931-bb67-25e03b48885a', 1, TRUE),
('8494b5c1-82f3-42bd-be45-6d619df54614', 'e8f49633-46f3-4745-b9b8-854089d615e5', '5ba10e13-d342-4262-a391-9b9aa95332cd', 0.5, TRUE),
('5c23e13f-5b8a-4885-b27e-ed370ad5605d', 'e8f49633-46f3-4745-b9b8-854089d615e5', '44c5807e-04d9-4702-86b6-0d1f0287df03', 1, TRUE),
('d10b3bbd-b901-40b4-8ed1-08346558e74e', '2470a1cb-5573-45e6-be05-6403d5028760', '5ba10e13-d342-4262-a391-9b9aa95332cd', 1, TRUE),
('669c607b-0110-4e47-9c5d-8341dd6abe47', '2470a1cb-5573-45e6-be05-6403d5028760', '6ff4dd7e-0d67-4bb5-9336-0c0f53cabf5c', 1, TRUE),
('65f28020-423c-45fc-8363-184f9a396eac', 'ed5d2dff-4d22-4655-a8c8-f121c8902a97', '80b3e0a5-0477-4f35-b250-2ee1b0de75d3', 1, TRUE),
('4e4813e3-5b84-4728-9495-7835875c9341', 'ed5d2dff-4d22-4655-a8c8-f121c8902a97', 'b9fe66ee-a2b7-48af-88d3-5157422a7f2a', 1, TRUE),
('47a38693-a9da-4d9b-87d2-35d8365efba8', 'de842413-ec92-4ec7-a816-230e1d858dbd', '80b3e0a5-0477-4f35-b250-2ee1b0de75d3', 1, TRUE),
('fc019629-851f-4112-b274-26fa0f2faaab', 'de842413-ec92-4ec7-a816-230e1d858dbd', '40228b33-dbbf-4d92-8dd6-567ca22ba61d', 1, TRUE),
('f06b5ec7-d25e-470b-bd92-1e64a6e45a63', 'c9ed4f53-0113-4088-a7c6-1b82cd25dce3', '5ba10e13-d342-4262-a391-9b9aa95332cd', 1, TRUE),
('f939abd7-ee1c-45f4-a1fa-2e7558c99d2c', 'c9ed4f53-0113-4088-a7c6-1b82cd25dce3', '6ff4dd7e-0d67-4bb5-9336-0c0f53cabf5c', 1, TRUE),
('db54b0ce-88e0-48c9-ae20-2241e5c4219d', '2819402d-1310-4b76-93a8-526ba3af4c2f', '5ba10e13-d342-4262-a391-9b9aa95332cd', 0.5, TRUE),
('efbca213-a214-4b82-bf16-a70be0bd30bc', '2819402d-1310-4b76-93a8-526ba3af4c2f', 'c7b5d442-2914-44ca-9d9e-aeceaae6b2fe', 1, TRUE),
('96884fd9-7052-4ecf-b0ec-d19a78ea7c7a', 'ccb1104e-0346-4680-aae4-13b09611f10b', '80b3e0a5-0477-4f35-b250-2ee1b0de75d3', 1, TRUE),
('d7a158af-a827-444f-a2fc-db96c1318f45', 'ccb1104e-0346-4680-aae4-13b09611f10b', '40228b33-dbbf-4d92-8dd6-567ca22ba61d', 1, TRUE),
('47f91ed4-2b63-4332-825a-50004dcd42f6', 'e5516f97-b4c1-401c-8831-3fd538529dec', '80b3e0a5-0477-4f35-b250-2ee1b0de75d3', 1, TRUE),
('ce2bb52b-a7e0-4d55-b4ab-edf348e6307a', 'e5516f97-b4c1-401c-8831-3fd538529dec', '206394f1-df43-4931-bb67-25e03b48885a', 1, TRUE),
('57f28f8e-bc8d-4dea-baad-3da73bc798b7', '77d72059-53f7-4fa1-8553-f8f5ca5c6ab3', '80b3e0a5-0477-4f35-b250-2ee1b0de75d3', 1, TRUE),
('88833871-db44-4346-8449-306bec08a3c2', '77d72059-53f7-4fa1-8553-f8f5ca5c6ab3', '38bc3029-a379-4ec3-b0a8-d8d0a8bd5fcd', 1, TRUE),
('709e9504-202a-4241-8eef-c3d5cb3a5724', 'f507baf5-6c30-4137-8b1a-6f95a990f53f', '80b3e0a5-0477-4f35-b250-2ee1b0de75d3', 1, TRUE),
('3f175c40-d8cb-411f-984c-404339d47400', 'f507baf5-6c30-4137-8b1a-6f95a990f53f', '206394f1-df43-4931-bb67-25e03b48885a', 1, TRUE),
('92320a9e-2a9a-4f48-95ba-3bbab0a5fb1f', '229310a7-cecd-4043-8bfc-2ec348ab9c49', '80b3e0a5-0477-4f35-b250-2ee1b0de75d3', 1, TRUE),
('fcc08df7-a877-48b2-be46-44da7623df31', '229310a7-cecd-4043-8bfc-2ec348ab9c49', '610a9cc1-9e19-4941-9e58-fc66d6162578', 1, TRUE),
('091e63b9-c0a2-4f1e-a3f9-9649076b6163', '93f61548-f6bd-4527-a141-1e8abdd28c24', '80b3e0a5-0477-4f35-b250-2ee1b0de75d3', 1, TRUE),
('779163fc-2f47-4467-8441-ec4afe2068de', '93f61548-f6bd-4527-a141-1e8abdd28c24', '40228b33-dbbf-4d92-8dd6-567ca22ba61d', 1, TRUE),
('2895adb6-108e-4475-b6b7-64a5e1570a8f', '80d6cb41-222c-4d3d-9119-1b6e14b9fc64', '80b3e0a5-0477-4f35-b250-2ee1b0de75d3', 1, TRUE),
('68edea10-3d1b-49b2-902d-3f449637ebeb', '80d6cb41-222c-4d3d-9119-1b6e14b9fc64', '40228b33-dbbf-4d92-8dd6-567ca22ba61d', 1, TRUE),
('8e43a064-4dc2-4527-8afa-a166cf64f65e', '0c68da0d-7dce-409c-bc38-43a8eb3c94e4', '80b3e0a5-0477-4f35-b250-2ee1b0de75d3', 1, TRUE),
('742a1b66-b902-4b7e-a4c3-b6f09c12ccf2', '0c68da0d-7dce-409c-bc38-43a8eb3c94e4', '8c4d3cbb-479d-46af-8438-0f909c911b6d', 1, TRUE),
('ff5f408d-89f2-455a-9919-6e8acf590d52', 'c0a138d4-b47c-4166-9151-b5bb9152216a', '80b3e0a5-0477-4f35-b250-2ee1b0de75d3', 1, TRUE),
('22854a3a-35f0-46b1-84f4-321f1fa91cd1', 'c0a138d4-b47c-4166-9151-b5bb9152216a', '38bc3029-a379-4ec3-b0a8-d8d0a8bd5fcd', 1, TRUE),
('5925dd34-248d-4819-8c0d-ad9b60892336', '9d624a37-aefb-4ed0-ba9d-3371719ed681', '80b3e0a5-0477-4f35-b250-2ee1b0de75d3', 1, TRUE),
('e7457aeb-7573-4ff1-8545-065113f9364e', '9d624a37-aefb-4ed0-ba9d-3371719ed681', '40228b33-dbbf-4d92-8dd6-567ca22ba61d', 1, TRUE),
('db152a4f-248b-4626-9730-cadcf4840ac5', 'e42d99c6-aa62-4365-9369-ef1bd8025801', '80b3e0a5-0477-4f35-b250-2ee1b0de75d3', 1, TRUE),
('4c777bb1-e1e3-4a3b-9c78-ceb27fca6322', 'e42d99c6-aa62-4365-9369-ef1bd8025801', '206394f1-df43-4931-bb67-25e03b48885a', 1, TRUE),
('24cf0299-f058-4b4b-a6f9-af90ca16c8be', '8ae484c0-65ed-4dbe-a5d8-88b8b175746b', 'fa9da06f-266d-49bf-86b4-ea31f006c24c', 1, TRUE),
('82bb29f4-cd47-4fc8-bb5d-cc4293a6b1b5', '8ae484c0-65ed-4dbe-a5d8-88b8b175746b', '31e89317-73da-482b-880c-5bfc5caf8c17', 1, TRUE),
('0840e696-8927-4831-bd68-9b594db01bd4', '4f35110d-b0c5-4eaa-a8e3-fdab76e5ea16', '5ba10e13-d342-4262-a391-9b9aa95332cd', 0.5, TRUE),
('2feb56a8-690b-4dcb-afc1-02c0cca53dc2', '4f35110d-b0c5-4eaa-a8e3-fdab76e5ea16', '563d3b3a-f61a-4f64-8542-e950aa3efadf', 1, TRUE),
('3ed53160-7281-493b-a2eb-3a5dfcca6c45', 'bf2d494c-7f24-438a-88f7-2804569e9947', 'fa9da06f-266d-49bf-86b4-ea31f006c24c', 1, TRUE),
('5fd38c8b-9edb-4b6c-9ece-96295211ba1b', 'bf2d494c-7f24-438a-88f7-2804569e9947', '44c5807e-04d9-4702-86b6-0d1f0287df03', 1, TRUE),
('cf08ce6f-4a8c-4cd7-ab88-9d6583cc804c', 'fc9e1550-ad8e-4ba5-8d28-bf1f9ed8444c', '5ba10e13-d342-4262-a391-9b9aa95332cd', 1, TRUE),
('f55aa1f9-9278-4d77-9949-286d1100f17a', 'fc9e1550-ad8e-4ba5-8d28-bf1f9ed8444c', 'c7b5d442-2914-44ca-9d9e-aeceaae6b2fe', 1, TRUE),
('86a324de-0351-46b0-8c63-601feea33743', '347f3b2e-0e21-4983-a03b-bb70b0a29224', '80b3e0a5-0477-4f35-b250-2ee1b0de75d3', 1, TRUE),
('46ef4230-ec6d-481a-ac89-719cb4db9fb7', '347f3b2e-0e21-4983-a03b-bb70b0a29224', '573b67be-ffef-496d-b1f2-d1993adf9f13', 1, TRUE),
('423440fd-e7cb-40f8-aa67-72c03bedd494', '9480ad73-53ed-4077-aefb-0ddcf470dc2a', 'fa9da06f-266d-49bf-86b4-ea31f006c24c', 1, TRUE),
('baccd425-3abe-4725-9c05-15bc69d79953', '9480ad73-53ed-4077-aefb-0ddcf470dc2a', 'fea05e9c-04ae-498e-959c-43d3036b18da', 1, TRUE),
('b221975e-fbc2-4112-aa59-cb8485821df3', 'b196fa3d-28c2-4bd4-a146-6be20fff36b1', '80b3e0a5-0477-4f35-b250-2ee1b0de75d3', 1, TRUE),
('53605b95-a6e2-4296-8c2e-92dffa3b811e', 'b196fa3d-28c2-4bd4-a146-6be20fff36b1', '573b67be-ffef-496d-b1f2-d1993adf9f13', 1, TRUE),
('213fcfe8-7ae0-4000-8e23-716414cca91f', '7ba74c0d-4034-47e6-ad36-aa15b7b8ae47', '80b3e0a5-0477-4f35-b250-2ee1b0de75d3', 0.5, TRUE),
('00cb3b4a-a4f2-4c5a-ac4e-7bfef8dccc22', '7ba74c0d-4034-47e6-ad36-aa15b7b8ae47', '8c4d3cbb-479d-46af-8438-0f909c911b6d', 1, TRUE),
('896106c9-c1e3-4379-b498-85e266860866', '3758e78f-ade7-404f-b7e8-8834951b7a96', '5ba10e13-d342-4262-a391-9b9aa95332cd', 1, TRUE),
('10035967-53f3-4f0a-a585-4a10f27c82ef', '3758e78f-ade7-404f-b7e8-8834951b7a96', '44c5807e-04d9-4702-86b6-0d1f0287df03', 1, TRUE),
('921f8982-cd2e-4246-80ab-35eec079b873', 'd9cf4ba4-0122-4009-b487-383ffa6da123', '5ba10e13-d342-4262-a391-9b9aa95332cd', 0.5, TRUE),
('a03bf349-a370-478a-a89a-299561fd7d98', 'd9cf4ba4-0122-4009-b487-383ffa6da123', 'd2c5e874-09e6-4196-b268-c732d7dda1d2', 1, TRUE),
('adadc8dd-055b-41f1-99d9-5cbd539e9fa2', '0c56c9da-6b47-493b-8c43-a3e3430c275e', '80b3e0a5-0477-4f35-b250-2ee1b0de75d3', 1, TRUE),
('76c3c839-46a9-4f8b-93e8-b0b250d8bcc9', '0c56c9da-6b47-493b-8c43-a3e3430c275e', '38bc3029-a379-4ec3-b0a8-d8d0a8bd5fcd', 1, TRUE),
('aacf625c-b6f4-4e62-92c0-4d43204a9638', '20e9fb6c-cc8d-4b7e-8356-855cb9337d80', '80b3e0a5-0477-4f35-b250-2ee1b0de75d3', 1, TRUE),
('4a77166f-bebd-4ee1-ad8d-adc6f0315d07', '20e9fb6c-cc8d-4b7e-8356-855cb9337d80', '573b67be-ffef-496d-b1f2-d1993adf9f13', 1, TRUE),
('32032a1f-6214-4a21-a755-33b9521f546a', 'cb7297df-092e-4b40-a7ee-9b2d62dac579', '5ba10e13-d342-4262-a391-9b9aa95332cd', 0.5, TRUE),
('eaa67c31-7d09-4ad9-9ec2-cf02abf6cc11', 'cb7297df-092e-4b40-a7ee-9b2d62dac579', '44c5807e-04d9-4702-86b6-0d1f0287df03', 1, TRUE),
('8553f9dc-5a7d-4420-b553-ee4be21a869f', '145e99d0-f853-42d0-b4a9-a111a8b32afa', '80b3e0a5-0477-4f35-b250-2ee1b0de75d3', 1, TRUE),
('f47aa366-992d-4cda-8e13-02da4929b4d7', '145e99d0-f853-42d0-b4a9-a111a8b32afa', '206394f1-df43-4931-bb67-25e03b48885a', 1, TRUE),
('75b97e33-e1ab-469e-a4c4-438f1c807444', 'c7c0f70f-1cb7-4eae-ab97-4da2ba4d4a4e', 'fa9da06f-266d-49bf-86b4-ea31f006c24c', 1, TRUE),
('205d57ff-7174-4acc-8d87-43cee32f2e2a', 'c7c0f70f-1cb7-4eae-ab97-4da2ba4d4a4e', 'fea05e9c-04ae-498e-959c-43d3036b18da', 1, TRUE),
('75c77bb0-be82-49ec-9365-18800a0f9c95', '5abc8251-0b9d-4107-92f3-0d4463110e50', '80b3e0a5-0477-4f35-b250-2ee1b0de75d3', 1, TRUE),
('b50bf9c6-9153-440b-a15b-4ad7ecd28187', '5abc8251-0b9d-4107-92f3-0d4463110e50', '38bc3029-a379-4ec3-b0a8-d8d0a8bd5fcd', 1, TRUE),
('9a9d9296-36e6-4c75-82e5-e1f9fa68d01c', '3e52278e-b787-42c1-90a8-354ad06cc1ce', '80b3e0a5-0477-4f35-b250-2ee1b0de75d3', 1, TRUE),
('d95c6417-e1b7-4137-8370-743b5abf06d9', '3e52278e-b787-42c1-90a8-354ad06cc1ce', '573b67be-ffef-496d-b1f2-d1993adf9f13', 1, TRUE),
('55f321ad-1182-425e-a9ca-77bca69c2b1c', '3d2ee6a0-b5da-41cf-86e2-334680d6153c', '80b3e0a5-0477-4f35-b250-2ee1b0de75d3', 1, TRUE),
('cca0f8cc-713b-422a-8722-235b0882c634', '3d2ee6a0-b5da-41cf-86e2-334680d6153c', '40228b33-dbbf-4d92-8dd6-567ca22ba61d', 1, TRUE),
('078913ba-e5b2-494b-a9b0-3daa44e4d1ce', '6e805c21-aa66-41fa-bcc0-d06eb18eb649', '80b3e0a5-0477-4f35-b250-2ee1b0de75d3', 1, TRUE),
('d55c6894-9a51-4717-a971-866c3424cefe', '6e805c21-aa66-41fa-bcc0-d06eb18eb649', '38bc3029-a379-4ec3-b0a8-d8d0a8bd5fcd', 1, TRUE),
('25aa6652-bc74-4af8-a4e5-ba87cc0aa759', 'ffcde3ed-963f-4545-9f11-e6ea1dcb0e75', '5ba10e13-d342-4262-a391-9b9aa95332cd', 0.5, TRUE),
('a51abf55-2cc7-41f5-b86e-a83b31ff1213', 'ffcde3ed-963f-4545-9f11-e6ea1dcb0e75', 'd2c5e874-09e6-4196-b268-c732d7dda1d2', 1, TRUE),
('829a8a96-6c23-4533-9d80-c0707ed1cdfa', '38848d2d-c8fc-4baa-8cc5-c86b11b5c2e2', '80b3e0a5-0477-4f35-b250-2ee1b0de75d3', 0.5, TRUE),
('a06e5897-d22f-48b6-b264-3742ae9b32b4', '38848d2d-c8fc-4baa-8cc5-c86b11b5c2e2', '5a06f537-0c65-44b5-b3e8-d8c47482c00c', 1, TRUE),
('b0436aca-1008-4b00-ba6f-57f1168aacb9', '600373dc-706b-419d-9c3f-14fe89963bdf', '80b3e0a5-0477-4f35-b250-2ee1b0de75d3', 1, TRUE),
('6077e887-dd45-4600-93c4-f12b3357237f', '600373dc-706b-419d-9c3f-14fe89963bdf', '610a9cc1-9e19-4941-9e58-fc66d6162578', 1, TRUE),
('e1f75007-59cf-4f4a-a33c-1570742daf2b', 'd87e030c-6bcc-4774-a3ce-32301ea2c4dc', '5ba10e13-d342-4262-a391-9b9aa95332cd', 1, TRUE),
('29ce3c6b-caa0-4e69-acec-a645ae5f36dd', 'd87e030c-6bcc-4774-a3ce-32301ea2c4dc', '44c5807e-04d9-4702-86b6-0d1f0287df03', 1, TRUE),
('c97d7f27-ff20-4068-88da-86d107598e44', '2e64f618-1b93-407f-8d54-d38f828d366b', '80b3e0a5-0477-4f35-b250-2ee1b0de75d3', 0.5, TRUE),
('50f7b001-b8b1-40ec-a333-9d4a61883a60', '2e64f618-1b93-407f-8d54-d38f828d366b', '8c4d3cbb-479d-46af-8438-0f909c911b6d', 1, TRUE),
('5a686ac1-67b4-420b-9fbd-a4b4bd5a688c', '57702d62-acd9-4155-bd7f-b2b9ed990b68', 'fa9da06f-266d-49bf-86b4-ea31f006c24c', 1, TRUE),
('31553d5c-b385-478a-afb4-6ff7802b0a57', '57702d62-acd9-4155-bd7f-b2b9ed990b68', 'e4e1b3d8-4b3a-4f75-aa8d-e329e56240c2', 1, TRUE),
('c057a924-05ff-4565-8abe-e10ba2898b9f', 'f87abf2b-2275-4b11-9102-77b57336d49c', 'fa9da06f-266d-49bf-86b4-ea31f006c24c', 1, TRUE),
('5f65e3c1-351a-4d5a-a312-692ebe1e6820', 'f87abf2b-2275-4b11-9102-77b57336d49c', '31e89317-73da-482b-880c-5bfc5caf8c17', 1, TRUE),
('ceefe97c-5c2e-4a80-940c-03a836b8bce7', 'c5ccf136-d759-47e5-b3ff-6dbcc5a05956', '5ba10e13-d342-4262-a391-9b9aa95332cd', 1, TRUE),
('b1bd4799-f36e-4d8e-b585-1682e55088ad', 'c5ccf136-d759-47e5-b3ff-6dbcc5a05956', '44c5807e-04d9-4702-86b6-0d1f0287df03', 1, TRUE),
('e8081fcb-fe61-4733-9824-23981392a8d3', 'b89e720a-5ab4-4640-a576-b143a222bf13', '5ba10e13-d342-4262-a391-9b9aa95332cd', 1, TRUE),
('935cb7f2-d7a8-4867-a63c-bce9f79031e9', 'b89e720a-5ab4-4640-a576-b143a222bf13', '44c5807e-04d9-4702-86b6-0d1f0287df03', 1, TRUE),
('5246696a-81f9-4b74-a5ae-0a0c5db4a924', '8377a24b-ed6a-41b4-b4e4-5f97e35845c7', '5ba10e13-d342-4262-a391-9b9aa95332cd', 1, TRUE),
('8ac3b292-a3c4-452d-8482-531bdbdf6e08', '8377a24b-ed6a-41b4-b4e4-5f97e35845c7', '44c5807e-04d9-4702-86b6-0d1f0287df03', 1, TRUE),
('584e6e33-2211-4115-857b-7a0b29e1e59d', '017f7930-e70a-4082-8269-8430eac0c300', '80b3e0a5-0477-4f35-b250-2ee1b0de75d3', 1, TRUE),
('7c95aa16-ee56-4c73-a6cd-10831acff1cf', '017f7930-e70a-4082-8269-8430eac0c300', '8c4d3cbb-479d-46af-8438-0f909c911b6d', 1, TRUE),
('b47ea75a-b338-40cb-ab81-9622d7058e6c', '304fb4fc-e3a1-4c31-8aca-3aa328cd9de7', '80b3e0a5-0477-4f35-b250-2ee1b0de75d3', 0.5, TRUE),
('fc0019c4-b496-4fc9-aaff-c7294afaf566', '304fb4fc-e3a1-4c31-8aca-3aa328cd9de7', '8c4d3cbb-479d-46af-8438-0f909c911b6d', 1, TRUE),
('096435b4-51d5-4aa3-8bbe-e5fa849b3298', 'bdaa7f1e-ef0b-452f-84f5-954c2d9537f5', '5ba10e13-d342-4262-a391-9b9aa95332cd', 1, TRUE),
('35ea1502-f153-4800-9782-591638440814', 'bdaa7f1e-ef0b-452f-84f5-954c2d9537f5', '44c5807e-04d9-4702-86b6-0d1f0287df03', 1, TRUE),
('7540a092-c2c2-4deb-a83e-dcfa5c61305b', 'db0f0610-582b-4229-b22f-fbdaa1160908', '5ba10e13-d342-4262-a391-9b9aa95332cd', 1, TRUE),
('2b9db7a1-4f2a-464e-89ec-2ac1a44c35f2', 'db0f0610-582b-4229-b22f-fbdaa1160908', '44c5807e-04d9-4702-86b6-0d1f0287df03', 1, TRUE),
('4fc2a8a7-81b9-48d5-be5a-d1f1a829a530', '36f72d69-afde-49ff-8a80-5752fbbfc418', '5ba10e13-d342-4262-a391-9b9aa95332cd', 1, TRUE),
('e52a38b8-4100-4846-aa4f-60f25a0a78e4', '36f72d69-afde-49ff-8a80-5752fbbfc418', '44c5807e-04d9-4702-86b6-0d1f0287df03', 1, TRUE),
('16437ec8-b87a-4a3e-bb1a-3c1973116c2f', 'e086b429-7a82-4b3d-9046-b6755a1f23d1', '80b3e0a5-0477-4f35-b250-2ee1b0de75d3', 0.5, TRUE),
('6e2a87c9-383d-4c34-a540-51b998ff2ca0', 'e086b429-7a82-4b3d-9046-b6755a1f23d1', '8c4d3cbb-479d-46af-8438-0f909c911b6d', 1, TRUE),
('e6ba7a1c-4272-4b0b-b166-7d488ccccb34', '15c63bb9-7d9e-435a-8c2f-1db328ef32f5', '80b3e0a5-0477-4f35-b250-2ee1b0de75d3', 0.5, TRUE),
('f21c3475-afd2-49b1-9f5d-43369224a947', '15c63bb9-7d9e-435a-8c2f-1db328ef32f5', '5a06f537-0c65-44b5-b3e8-d8c47482c00c', 1, TRUE),
('f3ceea42-0286-49b9-9055-61d479fd1b52', '99467820-ef3b-476f-95b2-828ed782007e', 'fa9da06f-266d-49bf-86b4-ea31f006c24c', 1, TRUE),
('9391ea0a-0fef-4ef5-ab25-e221c86eadb2', '99467820-ef3b-476f-95b2-828ed782007e', '8c4d3cbb-479d-46af-8438-0f909c911b6d', 1, TRUE),
('b5d01d2f-9ba6-4df5-86e2-447d93e4e71b', 'c95d9a18-c937-4092-9f9c-7a856ca8ac0e', '5ba10e13-d342-4262-a391-9b9aa95332cd', 0.5, TRUE),
('28053015-873d-4a79-ae6a-243bbca40db3', 'c95d9a18-c937-4092-9f9c-7a856ca8ac0e', 'c7b5d442-2914-44ca-9d9e-aeceaae6b2fe', 1, TRUE),
('04898e80-6643-4ae9-bfcb-8ce6b8ebaf2e', '3201df47-10c4-46ee-ac85-c46b4a884776', 'fa9da06f-266d-49bf-86b4-ea31f006c24c', 1, TRUE),
('4e6310e1-93cb-434e-8920-782ce2437ee7', '3201df47-10c4-46ee-ac85-c46b4a884776', '31e89317-73da-482b-880c-5bfc5caf8c17', 1, TRUE),
('2bebbb54-6a7f-4818-b16c-a34fc8c40c42', '4da28949-cc12-4927-ac14-957b0569fb9e', '80b3e0a5-0477-4f35-b250-2ee1b0de75d3', 1, TRUE),
('04cc4b8b-2563-436f-8baf-b0f68cad6160', '4da28949-cc12-4927-ac14-957b0569fb9e', '610a9cc1-9e19-4941-9e58-fc66d6162578', 1, TRUE),
('ccf57141-142f-40fa-8706-557a411c7d6c', 'a9fbac32-e93d-4a98-90d9-684cd3afc6bb', '80b3e0a5-0477-4f35-b250-2ee1b0de75d3', 0.5, TRUE),
('ae05020b-df11-4be7-927e-6bf636bb4a30', 'a9fbac32-e93d-4a98-90d9-684cd3afc6bb', '5a06f537-0c65-44b5-b3e8-d8c47482c00c', 1, TRUE),
('943c26ad-876b-4a8d-b41c-86a9c5bad5d2', '242dbf5a-efca-47b6-bb6f-a36ecdc79410', '80b3e0a5-0477-4f35-b250-2ee1b0de75d3', 1, TRUE),
('496da930-fe84-4eab-88c4-3ed89b0972ab', '242dbf5a-efca-47b6-bb6f-a36ecdc79410', '573b67be-ffef-496d-b1f2-d1993adf9f13', 1, TRUE),
('7760b628-c81e-45ec-9d45-fb56bc7dd6f2', '9210d23f-1c28-43b5-924e-42b766e22a0e', '80b3e0a5-0477-4f35-b250-2ee1b0de75d3', 0.5, TRUE),
('71f25941-6a84-4d11-8a6d-c7c2b24bd605', '9210d23f-1c28-43b5-924e-42b766e22a0e', '5a06f537-0c65-44b5-b3e8-d8c47482c00c', 1, TRUE),
('23ff8222-1b32-4649-b155-5f04924b9ad9', 'e2a48258-8692-446b-9141-4936fafdce93', 'fa9da06f-266d-49bf-86b4-ea31f006c24c', 1, TRUE),
('83f740f9-613b-4e04-a3cc-926c0b71b895', 'e2a48258-8692-446b-9141-4936fafdce93', '573b67be-ffef-496d-b1f2-d1993adf9f13', 1, TRUE),
('0503239c-a336-40bb-ba30-c7c76bfe6e1b', 'e96de0b1-ad1d-4c65-bf5c-8f50fe90192a', 'fa9da06f-266d-49bf-86b4-ea31f006c24c', 1, TRUE),
('da62814b-1f6a-41c2-987a-941f8e7b72c5', 'e96de0b1-ad1d-4c65-bf5c-8f50fe90192a', '31e89317-73da-482b-880c-5bfc5caf8c17', 1, TRUE),
('ffa4769d-3309-4092-b958-0adf191476fd', '69cd8ba0-d3ed-426f-899b-f391ee203693', 'fa9da06f-266d-49bf-86b4-ea31f006c24c', 1, TRUE),
('a183089b-2391-41d6-a729-ade0ce2b7d3d', '69cd8ba0-d3ed-426f-899b-f391ee203693', 'fea05e9c-04ae-498e-959c-43d3036b18da', 1, TRUE),
('97a25ce8-1da4-43e9-8a4f-ef9cdf0f9a8f', '03189ba3-719e-44f1-8b6d-3fbcbf391870', 'fa9da06f-266d-49bf-86b4-ea31f006c24c', 1, TRUE),
('5c29e5a0-f79e-496b-8d84-da66428bf0c3', '03189ba3-719e-44f1-8b6d-3fbcbf391870', '3d2d6c8a-1e51-4ede-9ae9-d5a249efe2c7', 1, TRUE),
('19909447-acec-40bd-934b-0cb2a6a25698', '0efa63e0-4b64-49de-92ab-874920ea536c', '5ba10e13-d342-4262-a391-9b9aa95332cd', 0.5, TRUE),
('2d0488b8-7de4-4652-8ca2-f47a98591adc', '0efa63e0-4b64-49de-92ab-874920ea536c', 'c7b5d442-2914-44ca-9d9e-aeceaae6b2fe', 1, TRUE),
('826f2867-814c-46de-acff-28a9cffb8a3f', '7d98b6d2-f14b-48c0-9f31-8281bf55a828', '80b3e0a5-0477-4f35-b250-2ee1b0de75d3', 1, TRUE),
('3d0707ab-0818-4d4e-a6d5-dba64d5af4c3', '7d98b6d2-f14b-48c0-9f31-8281bf55a828', '206394f1-df43-4931-bb67-25e03b48885a', 1, TRUE),
('0ca1fc1d-2c0c-4c66-a6d0-3f1e6d80f7ca', '65b0e231-e9b6-42b1-85f7-7c56af39247b', 'fa9da06f-266d-49bf-86b4-ea31f006c24c', 1, TRUE),
('4c963909-230e-4c69-b27a-218bce2d12eb', '65b0e231-e9b6-42b1-85f7-7c56af39247b', 'e4e1b3d8-4b3a-4f75-aa8d-e329e56240c2', 1, TRUE),
('285fb877-3705-4681-bc9c-cb2ee757209e', 'aa80a249-dfa5-4fad-9acb-56943032cbbb', '80b3e0a5-0477-4f35-b250-2ee1b0de75d3', 1, TRUE),
('f35d197a-eb02-4337-97c8-2502bd013d94', 'aa80a249-dfa5-4fad-9acb-56943032cbbb', '8c4d3cbb-479d-46af-8438-0f909c911b6d', 1, TRUE),
('cb202040-5c0e-485e-8191-e69c2d2d1793', '8de4ff80-a60d-4409-8eba-5da33b32d179', '5ba10e13-d342-4262-a391-9b9aa95332cd', 1, TRUE),
('04b373ae-c270-4fec-b00a-4b00a98ad4b1', '8de4ff80-a60d-4409-8eba-5da33b32d179', 'c7b5d442-2914-44ca-9d9e-aeceaae6b2fe', 1, TRUE),
('a6a0b182-9d41-41a2-ad4f-d7a8fed9485e', '00d33b57-b567-40a8-8a00-94a6a21493c8', '5ba10e13-d342-4262-a391-9b9aa95332cd', 1, TRUE),
('ee1b9b04-d45b-4643-9b23-0fc3d3802f45', '00d33b57-b567-40a8-8a00-94a6a21493c8', '563d3b3a-f61a-4f64-8542-e950aa3efadf', 1, TRUE),
('ec6821c3-e8b3-41a5-9a58-55bb219b047d', 'e1ee00ce-e788-4d96-a7e9-86a36e8592e8', 'fa9da06f-266d-49bf-86b4-ea31f006c24c', 1, TRUE),
('413fb456-e924-4bc5-87f2-141b0a2202e0', 'e1ee00ce-e788-4d96-a7e9-86a36e8592e8', 'fea05e9c-04ae-498e-959c-43d3036b18da', 1, TRUE),
('20ab7d9d-53a0-4848-a433-43fc1a5fe0e3', '0efd2442-7975-4740-afa2-36a86b1b3f94', '5ba10e13-d342-4262-a391-9b9aa95332cd', 1, TRUE),
('4b1207e3-6ec0-4c3b-8135-551cddcbcac4', '0efd2442-7975-4740-afa2-36a86b1b3f94', 'e4e1b3d8-4b3a-4f75-aa8d-e329e56240c2', 1, TRUE),
('719fc288-5e96-4115-9f55-003f822bd51e', '0086e6e2-81e8-4285-9cb1-af47b51e1c52', 'fa9da06f-266d-49bf-86b4-ea31f006c24c', 1, TRUE),
('36044b1d-34d4-4387-8d65-d6cbadee62c1', '0086e6e2-81e8-4285-9cb1-af47b51e1c52', '31e89317-73da-482b-880c-5bfc5caf8c17', 1, TRUE),
('acbd1a2d-3098-44f4-ae3f-e5a113de59c4', '2c1b53cd-f37d-4b37-96af-0ed2a12bbe9f', '80b3e0a5-0477-4f35-b250-2ee1b0de75d3', 0.5, TRUE),
('1334f80f-4004-4b98-b762-38127e90bfb8', '2c1b53cd-f37d-4b37-96af-0ed2a12bbe9f', '8c4d3cbb-479d-46af-8438-0f909c911b6d', 1, TRUE),
('88c8e85c-04d0-408c-9384-3c90cc83ac0e', 'b6791fe7-909b-4491-8554-6c00db38574a', 'fa9da06f-266d-49bf-86b4-ea31f006c24c', 1, TRUE),
('3b176f5d-1f1e-4a16-b0c3-ef070d7e8035', 'b6791fe7-909b-4491-8554-6c00db38574a', '31e89317-73da-482b-880c-5bfc5caf8c17', 1, TRUE);
